"МО (КОД)","МО (НАИМЕН.)","Тип оплаты (код)","Тип оплаты (наим.)","Кол-во счетов","Сумма"
"01001","МБУЗ ""Амбулатория №3 УЗАМО город-курорт Анапа""","11a","Представлено к оплате (ОМС)","2 589","153 491,00"
"01001","МБУЗ ""Амбулатория №3 УЗАМО город-курорт Анапа""","13a","Подлежит к оплате после МЭК (ОМС)","2 589","153 491,00"
"01006","МБУЗ ""Детская городская больница УЗАМО город-курорт Анапа""","11a","Представлено к оплате (ОМС)","23 142","8 880 410,61"
"01006","МБУЗ ""Детская городская больница УЗАМО город-курорт Анапа""","12a","Отклонено по МЭК (ОМС)","5","16 471,81"
"01006","МБУЗ ""Детская городская больница УЗАМО город-курорт Анапа""","13a","Подлежит к оплате после МЭК (ОМС)","23 137","8 863 938,80"
"01007","МАУЗ ""Стоматологическая поликлиника УЗАМО город-курорт Анапа""","11a","Представлено к оплате (ОМС)","1 882","1 509 759,90"
"01007","МАУЗ ""Стоматологическая поликлиника УЗАМО город-курорт Анапа""","12a","Отклонено по МЭК (ОМС)","2","5 395,72"
"01007","МАУЗ ""Стоматологическая поликлиника УЗАМО город-курорт Анапа""","13a","Подлежит к оплате после МЭК (ОМС)","1 880","1 504 364,18"
"01010","МБУЗ ""Центр медицинской профилактики УЗАМО город-курорт Анапа""","11a","Представлено к оплате (ОМС)","1 510","1 499 916,72"
"01010","МБУЗ ""Центр медицинской профилактики УЗАМО город-курорт Анапа""","13a","Подлежит к оплате после МЭК (ОМС)","1 510","1 499 916,72"
"01017","МБУЗ ""Городская больница УЗАМО город - курорт Анапа""","11a","Представлено к оплате (ОМС)","26 365","25 800 655,02"
"01017","МБУЗ ""Городская больница УЗАМО город - курорт Анапа""","12a","Отклонено по МЭК (ОМС)","26","53 223,33"
"01017","МБУЗ ""Городская больница УЗАМО город - курорт Анапа""","13a","Подлежит к оплате после МЭК (ОМС)","26 339","25 747 431,69"
"01023","МБУЗ ""Амбулатория №8 УЗАМО город-курорт Анапа""","11a","Представлено к оплате (ОМС)","3 823","371 543,92"
"01023","МБУЗ ""Амбулатория №8 УЗАМО город-курорт Анапа""","13a","Подлежит к оплате после МЭК (ОМС)","3 823","371 543,92"
"01025","МБУЗ ""Амбулатория №1 УЗАМО город-курорт Анапа""","11a","Представлено к оплате (ОМС)","7 234","849 629,24"
"01025","МБУЗ ""Амбулатория №1 УЗАМО город-курорт Анапа""","12a","Отклонено по МЭК (ОМС)","3","436,34"
"01025","МБУЗ ""Амбулатория №1 УЗАМО город-курорт Анапа""","13a","Подлежит к оплате после МЭК (ОМС)","7 231","849 192,90"
"01026","МБУЗ ""Амбулатория №4 УЗАМО город-курорт Анапа""","11a","Представлено к оплате (ОМС)","2 212","348 307,20"
"01026","МБУЗ ""Амбулатория №4 УЗАМО город-курорт Анапа""","12a","Отклонено по МЭК (ОМС)","1","0,00"
"01026","МБУЗ ""Амбулатория №4 УЗАМО город-курорт Анапа""","13a","Подлежит к оплате после МЭК (ОМС)","2 211","348 307,20"
"01027","МБУЗ ""Амбулатория №6 УЗАМО город-курорт Анапа""","11a","Представлено к оплате (ОМС)","2 670","334 152,44"
"01027","МБУЗ ""Амбулатория №6 УЗАМО город-курорт Анапа""","12a","Отклонено по МЭК (ОМС)","1","0,00"
"01027","МБУЗ ""Амбулатория №6 УЗАМО город-курорт Анапа""","13a","Подлежит к оплате после МЭК (ОМС)","2 669","334 152,44"
"01028","МБУЗ ""Амбулатория №7 УЗАМО город-курорт Анапа""","11a","Представлено к оплате (ОМС)","3 735","294 583,02"
"01028","МБУЗ ""Амбулатория №7 УЗАМО город-курорт Анапа""","12a","Отклонено по МЭК (ОМС)","1","0,00"
"01028","МБУЗ ""Амбулатория №7 УЗАМО город-курорт Анапа""","13a","Подлежит к оплате после МЭК (ОМС)","3 734","294 583,02"
"01029","МБУЗ ""Участковая больница №1 УЗАМО город-курорт Анапа""","11a","Представлено к оплате (ОМС)","2 649","1 436 966,48"
"01029","МБУЗ ""Участковая больница №1 УЗАМО город-курорт Анапа""","12a","Отклонено по МЭК (ОМС)","2","0,00"
"01029","МБУЗ ""Участковая больница №1 УЗАМО город-курорт Анапа""","13a","Подлежит к оплате после МЭК (ОМС)","2 647","1 436 966,48"
"01030","МБУЗ ""Участковая больница №2 УЗАМО город-курорт Анапа""","11a","Представлено к оплате (ОМС)","2 426","1 108 024,00"
"01030","МБУЗ ""Участковая больница №2 УЗАМО город-курорт Анапа""","12a","Отклонено по МЭК (ОМС)","652","60 425,40"
"01030","МБУЗ ""Участковая больница №2 УЗАМО город-курорт Анапа""","13a","Подлежит к оплате после МЭК (ОМС)","1 774","1 047 598,60"
"01031","МБУЗ ""Участковая больница №3 УЗАМО город-курорт Анапа""","11a","Представлено к оплате (ОМС)","3 902","1 563 739,28"
"01031","МБУЗ ""Участковая больница №3 УЗАМО город-курорт Анапа""","12a","Отклонено по МЭК (ОМС)","1","0,00"
"01031","МБУЗ ""Участковая больница №3 УЗАМО город-курорт Анапа""","13a","Подлежит к оплате после МЭК (ОМС)","3 901","1 563 739,28"
"01520","МБУЗ ""Станция скорой медицинской помощи УЗАМО город-курорт Анапа""","11a","Представлено к оплате (ОМС)","5 681","0,00"
"01520","МБУЗ ""Станция скорой медицинской помощи УЗАМО город-курорт Анапа""","12a","Отклонено по МЭК (ОМС)","3","0,00"
"01520","МБУЗ ""Станция скорой медицинской помощи УЗАМО город-курорт Анапа""","13a","Подлежит к оплате после МЭК (ОМС)","5 678","0,00"
"01521","АО ""Санаторий ""Мотылек""","11a","Представлено к оплате (ОМС)","66","3 938 505,12"
"01521","АО ""Санаторий ""Мотылек""","13a","Подлежит к оплате после МЭК (ОМС)","66","3 938 505,12"
"01522","АО ""ДиЛУЧ"" - санаторно-курортный комплекс город-курорт Анапа","11a","Представлено к оплате (ОМС)","29","1 332 597,13"
"01522","АО ""ДиЛУЧ"" - санаторно-курортный комплекс город-курорт Анапа","13a","Подлежит к оплате после МЭК (ОМС)","29","1 332 597,13"
"02002","ГБУЗ ""Стоматологическая поликлиника города  Армавира"" МЗКК","11a","Представлено к оплате (ОМС)","1 952","2 697 242,24"
"02002","ГБУЗ ""Стоматологическая поликлиника города  Армавира"" МЗКК","12a","Отклонено по МЭК (ОМС)","6","13 302,36"
"02002","ГБУЗ ""Стоматологическая поликлиника города  Армавира"" МЗКК","13a","Подлежит к оплате после МЭК (ОМС)","1 946","2 683 939,88"
"02006","ГБУЗ Армавирский кожно-венерологический диспансер МЗ КК","11a","Представлено к оплате (ОМС)","2 294","2 690 192,99"
"02006","ГБУЗ Армавирский кожно-венерологический диспансер МЗ КК","13a","Подлежит к оплате после МЭК (ОМС)","2 294","2 690 192,99"
"02010","ГБУЗ ""Перинатальный центр"" МЗ КК","11a","Представлено к оплате (ОМС)","5 226","15 985 441,22"
"02010","ГБУЗ ""Перинатальный центр"" МЗ КК","12a","Отклонено по МЭК (ОМС)","7","28 019,66"
"02010","ГБУЗ ""Перинатальный центр"" МЗ КК","13a","Подлежит к оплате после МЭК (ОМС)","5 219","15 957 421,56"
"02013","ГБУЗ ""Армавирский онкологический диспансер"" МЗ КК","11a","Представлено к оплате (ОМС)","4 006","15 738 440,64"
"02013","ГБУЗ ""Армавирский онкологический диспансер"" МЗ КК","13a","Подлежит к оплате после МЭК (ОМС)","4 006","15 738 440,64"
"02014","ГБУЗ ""Детская больница г. Армавира"" МЗ КК","11a","Представлено к оплате (ОМС)","12 953","10 655 578,19"
"02014","ГБУЗ ""Детская больница г. Армавира"" МЗ КК","12a","Отклонено по МЭК (ОМС)","59","121 649,17"
"02014","ГБУЗ ""Детская больница г. Армавира"" МЗ КК","13a","Подлежит к оплате после МЭК (ОМС)","12 894","10 533 929,02"
"02017","ГБУЗ "" Инфекционная больница  №4"" МЗ КК","11a","Представлено к оплате (ОМС)","879","9 026 536,39"
"02017","ГБУЗ "" Инфекционная больница  №4"" МЗ КК","13a","Подлежит к оплате после МЭК (ОМС)","879","9 026 536,39"
"02031","НУЗ ""Узловая поликлиника на станции Армавир ОАО ""РЖД""","11a","Представлено к оплате (ОМС)","549","582 334,10"
"02031","НУЗ ""Узловая поликлиника на станции Армавир ОАО ""РЖД""","12a","Отклонено по МЭК (ОМС)","7","3 688,95"
"02031","НУЗ ""Узловая поликлиника на станции Армавир ОАО ""РЖД""","13a","Подлежит к оплате после МЭК (ОМС)","542","578 645,15"
"02501","ГБУЗ ""Станция скорой медицинской помощи г. Армавира"" МЗ КК","11a","Представлено к оплате (ОМС)","5 613","0,00"
"02501","ГБУЗ ""Станция скорой медицинской помощи г. Армавира"" МЗ КК","12a","Отклонено по МЭК (ОМС)","171","0,00"
"02501","ГБУЗ ""Станция скорой медицинской помощи г. Армавира"" МЗ КК","13a","Подлежит к оплате после МЭК (ОМС)","5 442","0,00"
"02503","ГБУЗ ""Городская больница города  Армавира"" МЗ КК","11a","Представлено к оплате (ОМС)","39 939","44 324 579,91"
"02503","ГБУЗ ""Городская больница города  Армавира"" МЗ КК","12a","Отклонено по МЭК (ОМС)","27","7 122,92"
"02503","ГБУЗ ""Городская больница города  Армавира"" МЗ КК","13a","Подлежит к оплате после МЭК (ОМС)","39 912","44 317 456,99"
"02511","ГБУЗ ""Армавирский центр общественного здоровья и медицинской профилактики"" МЗ КК","11a","Представлено к оплате (ОМС)","87","93 937,96"
"02511","ГБУЗ ""Армавирский центр общественного здоровья и медицинской профилактики"" МЗ КК","12a","Отклонено по МЭК (ОМС)","2","2 216,32"
"02511","ГБУЗ ""Армавирский центр общественного здоровья и медицинской профилактики"" МЗ КК","13a","Подлежит к оплате после МЭК (ОМС)","85","91 721,64"
"02513","ГБУЗ ""Детская стоматологическая поликлиника города Армавира"" МЗ КК","11a","Представлено к оплате (ОМС)","2 452","2 371 307,90"
"02513","ГБУЗ ""Детская стоматологическая поликлиника города Армавира"" МЗ КК","12a","Отклонено по МЭК (ОМС)","2","1 783,35"
"02513","ГБУЗ ""Детская стоматологическая поликлиника города Армавира"" МЗ КК","13a","Подлежит к оплате после МЭК (ОМС)","2 450","2 369 524,55"
"03005","НУЗ ""Узловая больница на станции Белореченская ОАО  ""РЖД""","11a","Представлено к оплате (ОМС)","443","449 216,74"
"03005","НУЗ ""Узловая больница на станции Белореченская ОАО  ""РЖД""","12a","Отклонено по МЭК (ОМС)","9","2 763,36"
"03005","НУЗ ""Узловая больница на станции Белореченская ОАО  ""РЖД""","13a","Подлежит к оплате после МЭК (ОМС)","434","446 453,38"
"03025","ГБУЗ ""Белореченская центральная районная больница"" МЗ КК","11a","Представлено к оплате (ОМС)","46 783","26 204 243,01"
"03025","ГБУЗ ""Белореченская центральная районная больница"" МЗ КК","12a","Отклонено по МЭК (ОМС)","357","114 457,20"
"03025","ГБУЗ ""Белореченская центральная районная больница"" МЗ КК","13a","Подлежит к оплате после МЭК (ОМС)","46 426","26 089 785,81"
"03573","ГБУЗ ""Белореченская стоматологическая поликлиника"" МЗ КК","11a","Представлено к оплате (ОМС)","1 619","1 353 985,22"
"03573","ГБУЗ ""Белореченская стоматологическая поликлиника"" МЗ КК","12a","Отклонено по МЭК (ОМС)","3","2 166,00"
"03573","ГБУЗ ""Белореченская стоматологическая поликлиника"" МЗ КК","13a","Подлежит к оплате после МЭК (ОМС)","1 616","1 351 819,22"
"04001","ГБУЗ ""Городская больница города-курорта Геленджик"" МЗ КК","11a","Представлено к оплате (ОМС)","16 491","24 623 556,66"
"04001","ГБУЗ ""Городская больница города-курорта Геленджик"" МЗ КК","12a","Отклонено по МЭК (ОМС)","21","25 460,24"
"04001","ГБУЗ ""Городская больница города-курорта Геленджик"" МЗ КК","13a","Подлежит к оплате после МЭК (ОМС)","16 470","24 598 096,42"
"04007","ГБУЗ ""Городская поликлиника города-курорта Геленджик"" МЗ КК","11a","Представлено к оплате (ОМС)","24 291","4 311 358,26"
"04007","ГБУЗ ""Городская поликлиника города-курорта Геленджик"" МЗ КК","12a","Отклонено по МЭК (ОМС)","27","25 243,24"
"04007","ГБУЗ ""Городская поликлиника города-курорта Геленджик"" МЗ КК","13a","Подлежит к оплате после МЭК (ОМС)","24 264","4 286 115,02"
"04037","ГБУЗ ""Станция скорой медицинской помощи города-курорта Геленджик"" МЗ КК","11a","Представлено к оплате (ОМС)","3 358","0,00"
"04037","ГБУЗ ""Станция скорой медицинской помощи города-курорта Геленджик"" МЗ КК","12a","Отклонено по МЭК (ОМС)","4","0,00"
"04037","ГБУЗ ""Станция скорой медицинской помощи города-курорта Геленджик"" МЗ КК","13a","Подлежит к оплате после МЭК (ОМС)","3 354","0,00"
"04040","СКК ""Вулан""  - научно-клинический филиал федерального государственного бюджетного учреждения ""Национальный медицинский исследовательский центр реабилитации и курортологии"" Минздрава России","11a","Представлено к оплате (ОМС)","30","1 312 363,82"
"04040","СКК ""Вулан""  - научно-клинический филиал федерального государственного бюджетного учреждения ""Национальный медицинский исследовательский центр реабилитации и курортологии"" Минздрава России","13a","Подлежит к оплате после МЭК (ОМС)","30","1 312 363,82"
"04058","ЗАО ЛОК ""Солнечная""","11a","Представлено к оплате (ОМС)","2","99 457,20"
"04058","ЗАО ЛОК ""Солнечная""","13a","Подлежит к оплате после МЭК (ОМС)","2","99 457,20"
"04059","ОАО Санаторий ""Красная Талка""","11a","Представлено к оплате (ОМС)","69","3 479 249,00"
"04059","ОАО Санаторий ""Красная Талка""","13a","Подлежит к оплате после МЭК (ОМС)","69","3 479 249,00"
"04061","ГБУЗ ""Стоматологическая поликлиника города-курорта Геленджик"" министерства здравоохранения Краснодарского края","11a","Представлено к оплате (ОМС)","2 564","1 683 290,82"
"04061","ГБУЗ ""Стоматологическая поликлиника города-курорта Геленджик"" министерства здравоохранения Краснодарского края","13a","Подлежит к оплате после МЭК (ОМС)","2 564","1 683 290,82"
"05001","ГБУЗ ""Городская больница г. Горячий Ключ"" МЗ КК","11a","Представлено к оплате (ОМС)","15 561","22 189 469,02"
"05001","ГБУЗ ""Городская больница г. Горячий Ключ"" МЗ КК","12a","Отклонено по МЭК (ОМС)","170","831,83"
"05001","ГБУЗ ""Городская больница г. Горячий Ключ"" МЗ КК","13a","Подлежит к оплате после МЭК (ОМС)","15 391","22 188 637,19"
"05027","ГБУЗ ""Стоматологическая поликлиника г.Горячий Ключ"" МЗКК","11a","Представлено к оплате (ОМС)","919","1 095 408,40"
"05027","ГБУЗ ""Стоматологическая поликлиника г.Горячий Ключ"" МЗКК","12a","Отклонено по МЭК (ОМС)","6","9 145,76"
"05027","ГБУЗ ""Стоматологическая поликлиника г.Горячий Ключ"" МЗКК","13a","Подлежит к оплате после МЭК (ОМС)","913","1 086 262,64"
"06008","Государственное бюджетное учреждение  здравоохранения ""Ейская центральная районная больница"" министерства здравоохранения Краснодарского края","11a","Представлено к оплате (ОМС)","57 756","55 350 174,67"
"06008","Государственное бюджетное учреждение  здравоохранения ""Ейская центральная районная больница"" министерства здравоохранения Краснодарского края","12a","Отклонено по МЭК (ОМС)","463","60 691,26"
"06008","Государственное бюджетное учреждение  здравоохранения ""Ейская центральная районная больница"" министерства здравоохранения Краснодарского края","13a","Подлежит к оплате после МЭК (ОМС)","57 293","55 289 483,41"
"06031","ГБУЗ  Ейский кожно-венерологический диспансер  МЗ  КК","11a","Представлено к оплате (ОМС)","1 250","1 112 944,66"
"06031","ГБУЗ  Ейский кожно-венерологический диспансер  МЗ  КК","13a","Подлежит к оплате после МЭК (ОМС)","1 250","1 112 944,66"
"06500","Государственное бюджетное учреждения здравоохранения ""Стоматологическая поликлиника Ейского района"" министерства здравоохранения Краснодарского края","11a","Представлено к оплате (ОМС)","3 088","2 886 054,77"
"06500","Государственное бюджетное учреждения здравоохранения ""Стоматологическая поликлиника Ейского района"" министерства здравоохранения Краснодарского края","12a","Отклонено по МЭК (ОМС)","6","10 763,74"
"06500","Государственное бюджетное учреждения здравоохранения ""Стоматологическая поликлиника Ейского района"" министерства здравоохранения Краснодарского края","13a","Подлежит к оплате после МЭК (ОМС)","3 082","2 875 291,03"
"06513","ГБУЗ  Онкологический диспансер №4 МЗ КК   г. Ейск","11a","Представлено к оплате (ОМС)","846","6 816 466,46"
"06513","ГБУЗ  Онкологический диспансер №4 МЗ КК   г. Ейск","12a","Отклонено по МЭК (ОМС)","62","26 427,90"
"06513","ГБУЗ  Онкологический диспансер №4 МЗ КК   г. Ейск","13a","Подлежит к оплате после МЭК (ОМС)","784","6 790 038,56"
"06541","Ейская поликлиника  ФГБУЗ ""Южный окружной медицинский центр ФМБА ""","11a","Представлено к оплате (ОМС)","587","343 419,03"
"06541","Ейская поликлиника  ФГБУЗ ""Южный окружной медицинский центр ФМБА ""","12a","Отклонено по МЭК (ОМС)","2","1 587,19"
"06541","Ейская поликлиника  ФГБУЗ ""Южный окружной медицинский центр ФМБА ""","13a","Подлежит к оплате после МЭК (ОМС)","585","341 831,84"
"07001","ГБУЗ ""Городская поликлиника № 25 г. Краснодара"" МЗ КК","11a","Представлено к оплате (ОМС)","14 335","2 448 581,08"
"07001","ГБУЗ ""Городская поликлиника № 25 г. Краснодара"" МЗ КК","12a","Отклонено по МЭК (ОМС)","404","3 086,30"
"07001","ГБУЗ ""Городская поликлиника № 25 г. Краснодара"" МЗ КК","13a","Подлежит к оплате после МЭК (ОМС)","13 931","2 445 494,78"
"07003","ГБУЗ ""Специализированная клиническая детская инфекционная больница"" МЗ КК г.Краснодар","11a","Представлено к оплате (ОМС)","3 366","49 710 946,38"
"07003","ГБУЗ ""Специализированная клиническая детская инфекционная больница"" МЗ КК г.Краснодар","12a","Отклонено по МЭК (ОМС)","1","23 249,84"
"07003","ГБУЗ ""Специализированная клиническая детская инфекционная больница"" МЗ КК г.Краснодар","13a","Подлежит к оплате после МЭК (ОМС)","3 365","49 687 696,54"
"07004","ГБУЗ ""Детская городская поликлиника № 1 г. Краснодара"" МЗ КК","11a","Представлено к оплате (ОМС)","15 539","1 542 700,49"
"07004","ГБУЗ ""Детская городская поликлиника № 1 г. Краснодара"" МЗ КК","12a","Отклонено по МЭК (ОМС)","291","91 986,45"
"07004","ГБУЗ ""Детская городская поликлиника № 1 г. Краснодара"" МЗ КК","13a","Подлежит к оплате после МЭК (ОМС)","15 248","1 450 714,04"
"07005","ГБУЗ ""Детская поликлиника № 2 г. Краснодара"" МЗ КК","11a","Представлено к оплате (ОМС)","15 946","1 918 457,54"
"07005","ГБУЗ ""Детская поликлиника № 2 г. Краснодара"" МЗ КК","12a","Отклонено по МЭК (ОМС)","7","353,71"
"07005","ГБУЗ ""Детская поликлиника № 2 г. Краснодара"" МЗ КК","13a","Подлежит к оплате после МЭК (ОМС)","15 939","1 918 103,83"
"07007","ГБУЗ ""Городская поликлиника № 26 г. Краснодара"" МЗ КК","11a","Представлено к оплате (ОМС)","12 987","8 241 651,74"
"07007","ГБУЗ ""Городская поликлиника № 26 г. Краснодара"" МЗ КК","12a","Отклонено по МЭК (ОМС)","6","3 664,40"
"07007","ГБУЗ ""Городская поликлиника № 26 г. Краснодара"" МЗ КК","13a","Подлежит к оплате после МЭК (ОМС)","12 981","8 237 987,34"
"07009","ГАУЗ ""Стоматологическая поликлиника №2"" МЗ КК","11a","Представлено к оплате (ОМС)","3 342","2 374 683,60"
"07009","ГАУЗ ""Стоматологическая поликлиника №2"" МЗ КК","12a","Отклонено по МЭК (ОМС)","28","23 090,27"
"07009","ГАУЗ ""Стоматологическая поликлиника №2"" МЗ КК","13a","Подлежит к оплате после МЭК (ОМС)","3 314","2 351 593,33"
"07011","ГБУЗ ""Детская городская поликлиника № 3 г. Краснодара"" МЗ КК","11a","Представлено к оплате (ОМС)","7 687","565 239,19"
"07011","ГБУЗ ""Детская городская поликлиника № 3 г. Краснодара"" МЗ КК","12a","Отклонено по МЭК (ОМС)","54","375,53"
"07011","ГБУЗ ""Детская городская поликлиника № 3 г. Краснодара"" МЗ КК","13a","Подлежит к оплате после МЭК (ОМС)","7 633","564 863,66"
"07012","ГБУЗ ""Детская городская поликлиника № 5 г. Краснодара"" МЗ КК","11a","Представлено к оплате (ОМС)","11 291","1 677 799,17"
"07012","ГБУЗ ""Детская городская поликлиника № 5 г. Краснодара"" МЗ КК","12a","Отклонено по МЭК (ОМС)","163","7 494,92"
"07012","ГБУЗ ""Детская городская поликлиника № 5 г. Краснодара"" МЗ КК","13a","Подлежит к оплате после МЭК (ОМС)","11 128","1 670 304,25"
"07013","ГБУЗ ""Детская городская поликлиника № 6 г. Краснодара"" МЗ КК","11a","Представлено к оплате (ОМС)","9 481","873 937,68"
"07013","ГБУЗ ""Детская городская поликлиника № 6 г. Краснодара"" МЗ КК","12a","Отклонено по МЭК (ОМС)","30","1 620,41"
"07013","ГБУЗ ""Детская городская поликлиника № 6 г. Краснодара"" МЗ КК","13a","Подлежит к оплате после МЭК (ОМС)","9 451","872 317,27"
"07014","ГБУЗ ""Детская городская поликлиника № 7 г. Краснодара"" МЗ КК","11a","Представлено к оплате (ОМС)","10 810","1 165 772,67"
"07014","ГБУЗ ""Детская городская поликлиника № 7 г. Краснодара"" МЗ КК","12a","Отклонено по МЭК (ОМС)","19","12 079,26"
"07014","ГБУЗ ""Детская городская поликлиника № 7 г. Краснодара"" МЗ КК","13a","Подлежит к оплате после МЭК (ОМС)","10 791","1 153 693,41"
"07015","ГБУЗ ""Детская городская поликлиника № 8 г. Краснодара"" МЗ КК","11a","Представлено к оплате (ОМС)","8 701","761 920,04"
"07015","ГБУЗ ""Детская городская поликлиника № 8 г. Краснодара"" МЗ КК","12a","Отклонено по МЭК (ОМС)","12","0,00"
"07015","ГБУЗ ""Детская городская поликлиника № 8 г. Краснодара"" МЗ КК","13a","Подлежит к оплате после МЭК (ОМС)","8 689","761 920,04"
"07038","ГБУЗ ""Стоматологическая поликлиника №3"" МЗ КК","11a","Представлено к оплате (ОМС)","1 366","2 081 899,14"
"07038","ГБУЗ ""Стоматологическая поликлиника №3"" МЗ КК","12a","Отклонено по МЭК (ОМС)","5","6 979,79"
"07038","ГБУЗ ""Стоматологическая поликлиника №3"" МЗ КК","13a","Подлежит к оплате после МЭК (ОМС)","1 361","2 074 919,35"
"07039","ГБУЗ ""Детский лечебно-реабилитационный центр г. Краснодара"" МЗ КК","11a","Представлено к оплате (ОМС)","559","2 640 027,19"
"07039","ГБУЗ ""Детский лечебно-реабилитационный центр г. Краснодара"" МЗ КК","12a","Отклонено по МЭК (ОМС)","1","4 945,30"
"07039","ГБУЗ ""Детский лечебно-реабилитационный центр г. Краснодара"" МЗ КК","13a","Подлежит к оплате после МЭК (ОМС)","558","2 635 081,89"
"07050","ГБУЗ ""Городская поликлиника № 22 г. Краснодар"" МЗ КК","11a","Представлено к оплате (ОМС)","4 020","476 179,65"
"07050","ГБУЗ ""Городская поликлиника № 22 г. Краснодар"" МЗ КК","12a","Отклонено по МЭК (ОМС)","161","14 450,28"
"07050","ГБУЗ ""Городская поликлиника № 22 г. Краснодар"" МЗ КК","13a","Подлежит к оплате после МЭК (ОМС)","3 859","461 729,37"
"07052","ГБУЗ ""Краевая клиническая больница скорой медицинской помощи"" МЗ КК","11a","Представлено к оплате (ОМС)","36 766","119 278 925,44"
"07052","ГБУЗ ""Краевая клиническая больница скорой медицинской помощи"" МЗ КК","12a","Отклонено по МЭК (ОМС)","953","414 445,60"
"07052","ГБУЗ ""Краевая клиническая больница скорой медицинской помощи"" МЗ КК","13a","Подлежит к оплате после МЭК (ОМС)","35 813","118 864 479,84"
"07054","ГБУЗ ""Городская клиническая больница № 1 г. Краснодара"" МЗ КК","11a","Представлено к оплате (ОМС)","4 244","20 526 136,83"
"07054","ГБУЗ ""Городская клиническая больница № 1 г. Краснодара"" МЗ КК","12a","Отклонено по МЭК (ОМС)","9","5 182,09"
"07054","ГБУЗ ""Городская клиническая больница № 1 г. Краснодара"" МЗ КК","13a","Подлежит к оплате после МЭК (ОМС)","4 235","20 520 954,74"
"07055","ГБУЗ ""Городская клиническая больница № 3 г. Краснодара"" МЗ КК","11a","Представлено к оплате (ОМС)","6 538","28 723 047,55"
"07055","ГБУЗ ""Городская клиническая больница № 3 г. Краснодара"" МЗ КК","12a","Отклонено по МЭК (ОМС)","9","18 830,20"
"07055","ГБУЗ ""Городская клиническая больница № 3 г. Краснодара"" МЗ КК","13a","Подлежит к оплате после МЭК (ОМС)","6 529","28 704 217,35"
"07058","ГБУЗ ""Старокорсунская УБ"" МЗ КК","11a","Представлено к оплате (ОМС)","2 898","1 601 448,10"
"07058","ГБУЗ ""Старокорсунская УБ"" МЗ КК","12a","Отклонено по МЭК (ОМС)","81","57 429,45"
"07058","ГБУЗ ""Старокорсунская УБ"" МЗ КК","13a","Подлежит к оплате после МЭК (ОМС)","2 817","1 544 018,65"
"07059","ГБУЗ ""Городская больница № 2 г. Краснодара"" МЗ КК","11a","Представлено к оплате (ОМС)","8 136","3 904 687,87"
"07059","ГБУЗ ""Городская больница № 2 г. Краснодара"" МЗ КК","12a","Отклонено по МЭК (ОМС)","243","35 996,62"
"07059","ГБУЗ ""Городская больница № 2 г. Краснодара"" МЗ КК","13a","Подлежит к оплате после МЭК (ОМС)","7 893","3 868 691,25"
"07068","ГБУЗ ""Детская городская клиническая больница г. Краснодара"" МЗ КК","11a","Представлено к оплате (ОМС)","184 733","176 028 971,53"
"07068","ГБУЗ ""Детская городская клиническая больница г. Краснодара"" МЗ КК","12a","Отклонено по МЭК (ОМС)","570","464 807,28"
"07068","ГБУЗ ""Детская городская клиническая больница г. Краснодара"" МЗ КК","13a","Подлежит к оплате после МЭК (ОМС)","184 163","175 564 164,25"
"07072","ГБУЗ ""Детская городская стоматологическая поликлиника № 2 г. Краснодара "" МЗ КК","11a","Представлено к оплате (ОМС)","3 628","2 434 675,07"
"07072","ГБУЗ ""Детская городская стоматологическая поликлиника № 2 г. Краснодара "" МЗ КК","12a","Отклонено по МЭК (ОМС)","3","2 491,90"
"07072","ГБУЗ ""Детская городская стоматологическая поликлиника № 2 г. Краснодара "" МЗ КК","13a","Подлежит к оплате после МЭК (ОМС)","3 625","2 432 183,17"
"07077","ГБУЗ ""Родильный дом г. Краснодара"" МЗ КК","11a","Представлено к оплате (ОМС)","11 842","22 203 785,90"
"07077","ГБУЗ ""Родильный дом г. Краснодара"" МЗ КК","12a","Отклонено по МЭК (ОМС)","39","52 642,27"
"07077","ГБУЗ ""Родильный дом г. Краснодара"" МЗ КК","13a","Подлежит к оплате после МЭК (ОМС)","11 803","22 151 143,63"
"07078","ГБУЗ ""Городская поликлиника № 1 г. Краснодара"" МЗ КК","11a","Представлено к оплате (ОМС)","7 047","885 174,82"
"07078","ГБУЗ ""Городская поликлиника № 1 г. Краснодара"" МЗ КК","12a","Отклонено по МЭК (ОМС)","162","492,30"
"07078","ГБУЗ ""Городская поликлиника № 1 г. Краснодара"" МЗ КК","13a","Подлежит к оплате после МЭК (ОМС)","6 885","884 682,52"
"07080","ГБУЗ ""Городская поликлиника № 3 г. Краснодара"" МЗ КК","11a","Представлено к оплате (ОМС)","11 626","1 129 438,64"
"07080","ГБУЗ ""Городская поликлиника № 3 г. Краснодара"" МЗ КК","12a","Отклонено по МЭК (ОМС)","92","2 404,23"
"07080","ГБУЗ ""Городская поликлиника № 3 г. Краснодара"" МЗ КК","13a","Подлежит к оплате после МЭК (ОМС)","11 534","1 127 034,41"
"07081","ГБУЗ ""Городская поликлиника №4 г. Краснодара"" МЗ КК","11a","Представлено к оплате (ОМС)","6 589","905 423,46"
"07081","ГБУЗ ""Городская поликлиника №4 г. Краснодара"" МЗ КК","12a","Отклонено по МЭК (ОМС)","154","20 126,48"
"07081","ГБУЗ ""Городская поликлиника №4 г. Краснодара"" МЗ КК","13a","Подлежит к оплате после МЭК (ОМС)","6 435","885 296,98"
"07082","ГБУЗ ""Городская поликлиника № 5 г. Краснодара"" МЗ КК","11a","Представлено к оплате (ОМС)","8 755","1 521 505,39"
"07082","ГБУЗ ""Городская поликлиника № 5 г. Краснодара"" МЗ КК","12a","Отклонено по МЭК (ОМС)","31","9 501,61"
"07082","ГБУЗ ""Городская поликлиника № 5 г. Краснодара"" МЗ КК","13a","Подлежит к оплате после МЭК (ОМС)","8 724","1 512 003,78"
"07083","ГБУЗ ""Городская поликлиника № 13 г. Краснодара"" МЗ КК","11a","Представлено к оплате (ОМС)","22 780","3 056 321,71"
"07083","ГБУЗ ""Городская поликлиника № 13 г. Краснодара"" МЗ КК","12a","Отклонено по МЭК (ОМС)","212","28 896,46"
"07083","ГБУЗ ""Городская поликлиника № 13 г. Краснодара"" МЗ КК","13a","Подлежит к оплате после МЭК (ОМС)","22 568","3 027 425,25"
"07084","ГБУЗ ""Городская поликлиника № 14 г. Краснодара"" МЗ КК","11a","Представлено к оплате (ОМС)","5 940","1 150 898,78"
"07084","ГБУЗ ""Городская поликлиника № 14 г. Краснодара"" МЗ КК","12a","Отклонено по МЭК (ОМС)","109","24 081,27"
"07084","ГБУЗ ""Городская поликлиника № 14 г. Краснодара"" МЗ КК","13a","Подлежит к оплате после МЭК (ОМС)","5 831","1 126 817,51"
"07085","ГБУЗ ""Городская поликлиника № 15 г. Краснодара"" МЗ КК","11a","Представлено к оплате (ОМС)","12 743","2 602 829,39"
"07085","ГБУЗ ""Городская поликлиника № 15 г. Краснодара"" МЗ КК","12a","Отклонено по МЭК (ОМС)","146","76 335,16"
"07085","ГБУЗ ""Городская поликлиника № 15 г. Краснодара"" МЗ КК","13a","Подлежит к оплате после МЭК (ОМС)","12 597","2 526 494,23"
"07086","ГБУЗ ""Городская поликлиника № 16 г. Краснодара"" МЗ КК","11a","Представлено к оплате (ОМС)","9 094","594 733,96"
"07086","ГБУЗ ""Городская поликлиника № 16 г. Краснодара"" МЗ КК","12a","Отклонено по МЭК (ОМС)","271","107 405,66"
"07086","ГБУЗ ""Городская поликлиника № 16 г. Краснодара"" МЗ КК","13a","Подлежит к оплате после МЭК (ОМС)","8 823","487 328,30"
"07087","ГБУЗ ""Городская поликлиника № 17 г. Краснодара"" МЗ КК","11a","Представлено к оплате (ОМС)","16 872","2 480 559,86"
"07087","ГБУЗ ""Городская поликлиника № 17 г. Краснодара"" МЗ КК","12a","Отклонено по МЭК (ОМС)","198","24 448,21"
"07087","ГБУЗ ""Городская поликлиника № 17 г. Краснодара"" МЗ КК","13a","Подлежит к оплате после МЭК (ОМС)","16 674","2 456 111,65"
"07089","ГБУЗ ""Городская поликлиника № 7 г. Краснодара"" МЗ КК","11a","Представлено к оплате (ОМС)","10 362","2 401 999,49"
"07089","ГБУЗ ""Городская поликлиника № 7 г. Краснодара"" МЗ КК","12a","Отклонено по МЭК (ОМС)","78","10 266,37"
"07089","ГБУЗ ""Городская поликлиника № 7 г. Краснодара"" МЗ КК","13a","Подлежит к оплате после МЭК (ОМС)","10 284","2 391 733,12"
"07090","ГБУЗ ""Городская поликлиника № 9 г. Краснодара"" МЗ КК","11a","Представлено к оплате (ОМС)","13 338","4 249 443,38"
"07090","ГБУЗ ""Городская поликлиника № 9 г. Краснодара"" МЗ КК","12a","Отклонено по МЭК (ОМС)","78","15 415,95"
"07090","ГБУЗ ""Городская поликлиника № 9 г. Краснодара"" МЗ КК","13a","Подлежит к оплате после МЭК (ОМС)","13 260","4 234 027,43"
"07091","ГБУЗ ""Городская поликлиника №10 г.Краснодара"" МЗ КК","11a","Представлено к оплате (ОМС)","9 628","1 027 754,06"
"07091","ГБУЗ ""Городская поликлиника №10 г.Краснодара"" МЗ КК","12a","Отклонено по МЭК (ОМС)","558","124 104,09"
"07091","ГБУЗ ""Городская поликлиника №10 г.Краснодара"" МЗ КК","13a","Подлежит к оплате после МЭК (ОМС)","9 070","903 649,97"
"07092","ГБУЗ ""Городская поликлиника № 11 г. Краснодара"" МЗ КК","11a","Представлено к оплате (ОМС)","10 990","2 109 810,36"
"07092","ГБУЗ ""Городская поликлиника № 11 г. Краснодара"" МЗ КК","12a","Отклонено по МЭК (ОМС)","212","3 705,52"
"07092","ГБУЗ ""Городская поликлиника № 11 г. Краснодара"" МЗ КК","13a","Подлежит к оплате после МЭК (ОМС)","10 778","2 106 104,84"
"07093","ГБУЗ ""Городская поликлиника № 12 г. Краснодара"" МЗ КК","11a","Представлено к оплате (ОМС)","10 257","1 230 285,52"
"07093","ГБУЗ ""Городская поликлиника № 12 г. Краснодара"" МЗ КК","12a","Отклонено по МЭК (ОМС)","703","40 600,91"
"07093","ГБУЗ ""Городская поликлиника № 12 г. Краснодара"" МЗ КК","13a","Подлежит к оплате после МЭК (ОМС)","9 554","1 189 684,61"
"07094","ГБУЗ ""Городская поликлиника № 19 г. Краснодара"" МЗ КК","11a","Представлено к оплате (ОМС)","10 432","2 006 463,19"
"07094","ГБУЗ ""Городская поликлиника № 19 г. Краснодара"" МЗ КК","12a","Отклонено по МЭК (ОМС)","208","73 990,39"
"07094","ГБУЗ ""Городская поликлиника № 19 г. Краснодара"" МЗ КК","13a","Подлежит к оплате после МЭК (ОМС)","10 224","1 932 472,80"
"07095","ГБУЗ ""Городская поликлиника № 23 г. Краснодара"" МЗ КК","11a","Представлено к оплате (ОМС)","11 019","2 369 069,47"
"07095","ГБУЗ ""Городская поликлиника № 23 г. Краснодара"" МЗ КК","12a","Отклонено по МЭК (ОМС)","298","70 006,59"
"07095","ГБУЗ ""Городская поликлиника № 23 г. Краснодара"" МЗ КК","13a","Подлежит к оплате после МЭК (ОМС)","10 721","2 299 062,88"
"07096","ГБУЗ ""Специализированная клиническая инфекционная больница"" МЗ КК г.Краснодар","11a","Представлено к оплате (ОМС)","2 569","24 079 749,63"
"07096","ГБУЗ ""Специализированная клиническая инфекционная больница"" МЗ КК г.Краснодар","13a","Подлежит к оплате после МЭК (ОМС)","2 569","24 079 749,63"
"07098","ГБУЗ ""Клинический онкологический диспансер №1"" МЗ КК г.Краснодар","11a","Представлено к оплате (ОМС)","23 231","191 020 660,75"
"07098","ГБУЗ ""Клинический онкологический диспансер №1"" МЗ КК г.Краснодар","12a","Отклонено по МЭК (ОМС)","1","84 118,69"
"07098","ГБУЗ ""Клинический онкологический диспансер №1"" МЗ КК г.Краснодар","13a","Подлежит к оплате после МЭК (ОМС)","23 230","190 936 542,06"
"07099","ГБУЗ ""НИИ-Краевая клиническая больница №1 им. проф. С.В.Очаповского"" МЗ КК","11a","Представлено к оплате (ОМС)","39 418","416 494 159,38"
"07099","ГБУЗ ""НИИ-Краевая клиническая больница №1 им. проф. С.В.Очаповского"" МЗ КК","12a","Отклонено по МЭК (ОМС)","35","49 185,31"
"07099","ГБУЗ ""НИИ-Краевая клиническая больница №1 им. проф. С.В.Очаповского"" МЗ КК","13a","Подлежит к оплате после МЭК (ОМС)","39 383","416 444 974,07"
"07102","ЧУЗ ""Клиническая больница"" РЖД-Медицина"" г. Краснодар""","11a","Представлено к оплате (ОМС)","2 517","3 818 112,05"
"07102","ЧУЗ ""Клиническая больница"" РЖД-Медицина"" г. Краснодар""","12a","Отклонено по МЭК (ОМС)","5","1 209,47"
"07102","ЧУЗ ""Клиническая больница"" РЖД-Медицина"" г. Краснодар""","13a","Подлежит к оплате после МЭК (ОМС)","2 512","3 816 902,58"
"07106","ГБУЗ ""Краевая больница №3"" МЗ КК г.Краснодар","11a","Представлено к оплате (ОМС)","169","4 602 117,27"
"07106","ГБУЗ ""Краевая больница №3"" МЗ КК г.Краснодар","13a","Подлежит к оплате после МЭК (ОМС)","169","4 602 117,27"
"07107","ГБУЗ ""Краевая клиническая стоматологическая поликлиника"" МЗ КК г.Краснодар","11a","Представлено к оплате (ОМС)","1 405","5 755 942,36"
"07107","ГБУЗ ""Краевая клиническая стоматологическая поликлиника"" МЗ КК г.Краснодар","12a","Отклонено по МЭК (ОМС)","1","2 078,03"
"07107","ГБУЗ ""Краевая клиническая стоматологическая поликлиника"" МЗ КК г.Краснодар","13a","Подлежит к оплате после МЭК (ОМС)","1 404","5 753 864,33"
"07108","ГБУЗ ""Детская краевая клиническая больница"" МЗ КК г.Краснодар","11a","Представлено к оплате (ОМС)","19 052","210 174 448,15"
"07108","ГБУЗ ""Детская краевая клиническая больница"" МЗ КК г.Краснодар","12a","Отклонено по МЭК (ОМС)","1","265,82"
"07108","ГБУЗ ""Детская краевая клиническая больница"" МЗ КК г.Краснодар","13a","Подлежит к оплате после МЭК (ОМС)","19 051","210 174 182,33"
"07135","ГБУЗ ""Клинический кожно-венерологический диспансер"" МЗ КК г.Краснодар","11a","Представлено к оплате (ОМС)","12 688","17 642 626,08"
"07135","ГБУЗ ""Клинический кожно-венерологический диспансер"" МЗ КК г.Краснодар","12a","Отклонено по МЭК (ОМС)","3","0,00"
"07135","ГБУЗ ""Клинический кожно-венерологический диспансер"" МЗ КК г.Краснодар","13a","Подлежит к оплате после МЭК (ОМС)","12 685","17 642 626,08"
"07139","ГБУЗ ""Городская поликлиника № 27 г. Краснодара"" МЗ КК","11a","Представлено к оплате (ОМС)","27 174","2 562 007,20"
"07139","ГБУЗ ""Городская поликлиника № 27 г. Краснодара"" МЗ КК","12a","Отклонено по МЭК (ОМС)","303","56 363,62"
"07139","ГБУЗ ""Городская поликлиника № 27 г. Краснодара"" МЗ КК","13a","Подлежит к оплате после МЭК (ОМС)","26 871","2 505 643,58"
"07506","ФКУЗ ""МСЧ МВД России по Краснодарскому краю"" г.Краснодар","11a","Представлено к оплате (ОМС)","210","260 098,94"
"07506","ФКУЗ ""МСЧ МВД России по Краснодарскому краю"" г.Краснодар","12a","Отклонено по МЭК (ОМС)","1","539,20"
"07506","ФКУЗ ""МСЧ МВД России по Краснодарскому краю"" г.Краснодар","13a","Подлежит к оплате после МЭК (ОМС)","209","259 559,74"
"07516","ГБУЗ ""Детская городская поликлиника № 4 г. Краснодара"" МЗ КК","11a","Представлено к оплате (ОМС)","8 034","1 269 485,23"
"07516","ГБУЗ ""Детская городская поликлиника № 4 г. Краснодара"" МЗ КК","12a","Отклонено по МЭК (ОМС)","61","20 880,35"
"07516","ГБУЗ ""Детская городская поликлиника № 4 г. Краснодара"" МЗ КК","13a","Подлежит к оплате после МЭК (ОМС)","7 973","1 248 604,88"
"07517","ГБУЗ ""Детская городская поликлиника № 9 г. Краснодара"" МЗ КК","11a","Представлено к оплате (ОМС)","7 517","514 789,16"
"07517","ГБУЗ ""Детская городская поликлиника № 9 г. Краснодара"" МЗ КК","12a","Отклонено по МЭК (ОМС)","7","0,00"
"07517","ГБУЗ ""Детская городская поликлиника № 9 г. Краснодара"" МЗ КК","13a","Подлежит к оплате после МЭК (ОМС)","7 510","514 789,16"
"07519","ГБУЗ ""Центр общественного здоровья и медицинской профилактики"" МЗКК","11a","Представлено к оплате (ОМС)","769","825 673,40"
"07519","ГБУЗ ""Центр общественного здоровья и медицинской профилактики"" МЗКК","12a","Отклонено по МЭК (ОМС)","3","2 558,32"
"07519","ГБУЗ ""Центр общественного здоровья и медицинской профилактики"" МЗКК","13a","Подлежит к оплате после МЭК (ОМС)","766","823 115,08"
"07522","КП ФГБУЗ ЮОМЦ ФМБА России г.Краснодар","11a","Представлено к оплате (ОМС)","852","767 535,92"
"07522","КП ФГБУЗ ЮОМЦ ФМБА России г.Краснодар","12a","Отклонено по МЭК (ОМС)","12","21 119,85"
"07522","КП ФГБУЗ ЮОМЦ ФМБА России г.Краснодар","13a","Подлежит к оплате после МЭК (ОМС)","840","746 416,07"
"07524","ОАО ""Центр восстановительной медицины и реабилитации "" Краснодарская бальнеолечебница"" г.Краснодар","11a","Представлено к оплате (ОМС)","318","2 495 396,05"
"07524","ОАО ""Центр восстановительной медицины и реабилитации "" Краснодарская бальнеолечебница"" г.Краснодар","13a","Подлежит к оплате после МЭК (ОМС)","318","2 495 396,05"
"07527","ФГАУ ""НМИЦ ""МНТК ""Микрохирургия глаза"" им.акад. С.Н.Федорова"" Минздрава России г.Краснодар","11a","Представлено к оплате (ОМС)","588","11 079 165,70"
"07527","ФГАУ ""НМИЦ ""МНТК ""Микрохирургия глаза"" им.акад. С.Н.Федорова"" Минздрава России г.Краснодар","12a","Отклонено по МЭК (ОМС)","1","78 617,24"
"07527","ФГАУ ""НМИЦ ""МНТК ""Микрохирургия глаза"" им.акад. С.Н.Федорова"" Минздрава России г.Краснодар","13a","Подлежит к оплате после МЭК (ОМС)","587","11 000 548,46"
"07530","ООО ""Фрезениус Медикал Кеа Кубань"" г.Краснодар","11a","Представлено к оплате (ОМС)","1 306","88 404 391,04"
"07530","ООО ""Фрезениус Медикал Кеа Кубань"" г.Краснодар","13a","Подлежит к оплате после МЭК (ОМС)","1 306","88 404 391,04"
"07531","ООО Медицинский центр ""НЕФРОС"" г.Краснодар","11a","Представлено к оплате (ОМС)","2 764","93 451 169,06"
"07531","ООО Медицинский центр ""НЕФРОС"" г.Краснодар","12a","Отклонено по МЭК (ОМС)","3","53 456,40"
"07531","ООО Медицинский центр ""НЕФРОС"" г.Краснодар","13a","Подлежит к оплате после МЭК (ОМС)","2 761","93 397 712,66"
"07541","ГБУЗ ""Центр охраны здоровья семьи и репродукции"" МЗ КК г.Краснодар","11a","Представлено к оплате (ОМС)","69","4 015 169,93"
"07541","ГБУЗ ""Центр охраны здоровья семьи и репродукции"" МЗ КК г.Краснодар","13a","Подлежит к оплате после МЭК (ОМС)","69","4 015 169,93"
"07552","ГБУЗ ""Краевая клиническая больница №2"" МЗ КК г.Краснодар","11a","Представлено к оплате (ОМС)","30 684","423 213 593,43"
"07552","ГБУЗ ""Краевая клиническая больница №2"" МЗ КК г.Краснодар","12a","Отклонено по МЭК (ОМС)","74","187 859,96"
"07552","ГБУЗ ""Краевая клиническая больница №2"" МЗ КК г.Краснодар","13a","Подлежит к оплате после МЭК (ОМС)","30 610","423 025 733,47"
"07580","ФГКУ ""419 военный госпиталь"" МО РФ г.Краснодар","11a","Представлено к оплате (ОМС)","60","544 296,16"
"07580","ФГКУ ""419 военный госпиталь"" МО РФ г.Краснодар","13a","Подлежит к оплате после МЭК (ОМС)","60","544 296,16"
"07593","ГБУЗ ""Детская стоматологическая поликлиника"" г.Краснодар","11a","Представлено к оплате (ОМС)","5 736","3 130 547,10"
"07593","ГБУЗ ""Детская стоматологическая поликлиника"" г.Краснодар","12a","Отклонено по МЭК (ОМС)","49","36 726,82"
"07593","ГБУЗ ""Детская стоматологическая поликлиника"" г.Краснодар","13a","Подлежит к оплате после МЭК (ОМС)","5 687","3 093 820,28"
"07594","ГБУЗ Стоматологическая поликлиника №1 МЗ КК","11a","Представлено к оплате (ОМС)","1 354","1 775 008,90"
"07594","ГБУЗ Стоматологическая поликлиника №1 МЗ КК","13a","Подлежит к оплате после МЭК (ОМС)","1 354","1 775 008,90"
"07595","ГБУЗ ""Городская поликлиника № 8 г. Краснодара"" МЗ КК","11a","Представлено к оплате (ОМС)","12 676","1 352 008,27"
"07595","ГБУЗ ""Городская поликлиника № 8 г. Краснодара"" МЗ КК","12a","Отклонено по МЭК (ОМС)","401","18 074,37"
"07595","ГБУЗ ""Городская поликлиника № 8 г. Краснодара"" МЗ КК","13a","Подлежит к оплате после МЭК (ОМС)","12 275","1 333 933,90"
"07600","ГБУЗ ""Детская стоматологическая поликлиника №1"" МЗ КК","11a","Представлено к оплате (ОМС)","1 928","1 921 669,31"
"07600","ГБУЗ ""Детская стоматологическая поликлиника №1"" МЗ КК","13a","Подлежит к оплате после МЭК (ОМС)","1 928","1 921 669,31"
"07606","ФГБОУ ВО КубГМУ Минздрава России","11a","Представлено к оплате (ОМС)","5 366","20 348 447,10"
"07606","ФГБОУ ВО КубГМУ Минздрава России","12a","Отклонено по МЭК (ОМС)","18","54 197,37"
"07606","ФГБОУ ВО КубГМУ Минздрава России","13a","Подлежит к оплате после МЭК (ОМС)","5 348","20 294 249,73"
"09015","ООО ""Крымская стоматологическая поликлиника""","11a","Представлено к оплате (ОМС)","850","1 742 275,93"
"09015","ООО ""Крымская стоматологическая поликлиника""","13a","Подлежит к оплате после МЭК (ОМС)","850","1 742 275,93"
"09054","ГБУЗ ""Крымская центральная районная больница"" МЗ КК","11a","Представлено к оплате (ОМС)","60 676","28 340 048,00"
"09054","ГБУЗ ""Крымская центральная районная больница"" МЗ КК","12a","Отклонено по МЭК (ОМС)","1 249","20 769,48"
"09054","ГБУЗ ""Крымская центральная районная больница"" МЗ КК","13a","Подлежит к оплате после МЭК (ОМС)","59 427","28 319 278,52"
"10016","ГАУЗ ""Лабинская стоматологическая поликлиника"" МЗ КК","11a","Представлено к оплате (ОМС)","2 486","3 823 582,56"
"10016","ГАУЗ ""Лабинская стоматологическая поликлиника"" МЗ КК","12a","Отклонено по МЭК (ОМС)","6","12 107,52"
"10016","ГАУЗ ""Лабинская стоматологическая поликлиника"" МЗ КК","13a","Подлежит к оплате после МЭК (ОМС)","2 480","3 811 475,04"
"10022","ГБУЗ ""Лабинская центральная районная больница"" МЗ КК","11a","Представлено к оплате (ОМС)","34 010","34 373 042,46"
"10022","ГБУЗ ""Лабинская центральная районная больница"" МЗ КК","12a","Отклонено по МЭК (ОМС)","18","38 590,17"
"10022","ГБУЗ ""Лабинская центральная районная больница"" МЗ КК","13a","Подлежит к оплате после МЭК (ОМС)","33 992","34 334 452,29"
"11001","ГБУЗ ""Городская больница № 3 города Новороссийска"" МЗ КК","11a","Представлено к оплате (ОМС)","521","7 562 010,78"
"11001","ГБУЗ ""Городская больница № 3 города Новороссийска"" МЗ КК","12a","Отклонено по МЭК (ОМС)","1","10 503,11"
"11001","ГБУЗ ""Городская больница № 3 города Новороссийска"" МЗ КК","13a","Подлежит к оплате после МЭК (ОМС)","520","7 551 507,67"
"11005","ГБУЗ ""Городская поликлиника №3 г.Новороссийска"" МЗ КК","11a","Представлено к оплате (ОМС)","5 974","843 183,82"
"11005","ГБУЗ ""Городская поликлиника №3 г.Новороссийска"" МЗ КК","12a","Отклонено по МЭК (ОМС)","195","5 206,96"
"11005","ГБУЗ ""Городская поликлиника №3 г.Новороссийска"" МЗ КК","13a","Подлежит к оплате после МЭК (ОМС)","5 779","837 976,86"
"11006","МБУ ""Городская поликлинника № 4"" управления здравоохранения администрации города Новороссийска","11a","Представлено к оплате (ОМС)","7 298","2 456 767,65"
"11006","МБУ ""Городская поликлинника № 4"" управления здравоохранения администрации города Новороссийска","12a","Отклонено по МЭК (ОМС)","27","6 508,22"
"11006","МБУ ""Городская поликлинника № 4"" управления здравоохранения администрации города Новороссийска","13a","Подлежит к оплате после МЭК (ОМС)","7 271","2 450 259,43"
"11007","ГБУЗ ""Городская поликлиника № 5 города Новороссийска"" МЗ КК","11a","Представлено к оплате (ОМС)","33 509","6 055 153,83"
"11007","ГБУЗ ""Городская поликлиника № 5 города Новороссийска"" МЗ КК","12a","Отклонено по МЭК (ОМС)","337","11 091,30"
"11007","ГБУЗ ""Городская поликлиника № 5 города Новороссийска"" МЗ КК","13a","Подлежит к оплате после МЭК (ОМС)","33 172","6 044 062,53"
"11008","ГАУЗ ""Стоматологическая поликлиника города Новороссийска"" МЗ КК","11a","Представлено к оплате (ОМС)","1 781","1 633 071,07"
"11008","ГАУЗ ""Стоматологическая поликлиника города Новороссийска"" МЗ КК","12a","Отклонено по МЭК (ОМС)","2","1 110,19"
"11008","ГАУЗ ""Стоматологическая поликлиника города Новороссийска"" МЗ КК","13a","Подлежит к оплате после МЭК (ОМС)","1 779","1 631 960,88"
"11009","ГБУЗ ""Онкологический диспансер № 3"" МЗ КК","11a","Представлено к оплате (ОМС)","2 119","8 355 555,20"
"11009","ГБУЗ ""Онкологический диспансер № 3"" МЗ КК","13a","Подлежит к оплате после МЭК (ОМС)","2 119","8 355 555,20"
"11010","ГБУЗ ""Амбулатория № 1 города Новороссийска"" МЗ КК","11a","Представлено к оплате (ОМС)","3 924","886 177,64"
"11010","ГБУЗ ""Амбулатория № 1 города Новороссийска"" МЗ КК","12a","Отклонено по МЭК (ОМС)","46","4 327,44"
"11010","ГБУЗ ""Амбулатория № 1 города Новороссийска"" МЗ КК","13a","Подлежит к оплате после МЭК (ОМС)","3 878","881 850,20"
"11011","ГБУЗ ""Городская поликлиника №6 города Новороссийска"" МЗ КК","11a","Представлено к оплате (ОМС)","2 823","1 192 027,64"
"11011","ГБУЗ ""Городская поликлиника №6 города Новороссийска"" МЗ КК","12a","Отклонено по МЭК (ОМС)","2","0,00"
"11011","ГБУЗ ""Городская поликлиника №6 города Новороссийска"" МЗ КК","13a","Подлежит к оплате после МЭК (ОМС)","2 821","1 192 027,64"
"11012","ГБУЗ ""ГП №8  г.Новороссийска"" МЗ КК","11a","Представлено к оплате (ОМС)","2 464","1 021 159,77"
"11012","ГБУЗ ""ГП №8  г.Новороссийска"" МЗ КК","12a","Отклонено по МЭК (ОМС)","123","8 204,71"
"11012","ГБУЗ ""ГП №8  г.Новороссийска"" МЗ КК","13a","Подлежит к оплате после МЭК (ОМС)","2 341","1 012 955,06"
"11013","МБУ ""Детская стоматологическая поликлиника"" управления здравоохранения администрации города Новороссийска","11a","Представлено к оплате (ОМС)","3 925","2 266 271,51"
"11013","МБУ ""Детская стоматологическая поликлиника"" управления здравоохранения администрации города Новороссийска","13a","Подлежит к оплате после МЭК (ОМС)","3 925","2 266 271,51"
"11014","ГБУЗ ""Детская городская поликлиника города Новороссийска"" МЗ КК","11a","Представлено к оплате (ОМС)","12 154","1 452 789,34"
"11014","ГБУЗ ""Детская городская поликлиника города Новороссийска"" МЗ КК","12a","Отклонено по МЭК (ОМС)","24","0,00"
"11014","ГБУЗ ""Детская городская поликлиника города Новороссийска"" МЗ КК","13a","Подлежит к оплате после МЭК (ОМС)","12 130","1 452 789,34"
"11016","ГБУЗ ""Городская больница № 4 города Новороссийска"" МЗ КК","11a","Представлено к оплате (ОМС)","3 183","1 195 242,58"
"11016","ГБУЗ ""Городская больница № 4 города Новороссийска"" МЗ КК","12a","Отклонено по МЭК (ОМС)","3","492,30"
"11016","ГБУЗ ""Городская больница № 4 города Новороссийска"" МЗ КК","13a","Подлежит к оплате после МЭК (ОМС)","3 180","1 194 750,28"
"11017","ГБУЗ ""Городская поликлиника № 7 города Новороссийска"" МЗ КК","11a","Представлено к оплате (ОМС)","2 335","1 744 862,57"
"11017","ГБУЗ ""Городская поликлиника № 7 города Новороссийска"" МЗ КК","12a","Отклонено по МЭК (ОМС)","7","1 447,00"
"11017","ГБУЗ ""Городская поликлиника № 7 города Новороссийска"" МЗ КК","13a","Подлежит к оплате после МЭК (ОМС)","2 328","1 743 415,57"
"11021","ГБУЗ ""Городская поликлиника № 1 города Новороссийска"" МЗ КК","11a","Представлено к оплате (ОМС)","6 021","1 917 292,19"
"11021","ГБУЗ ""Городская поликлиника № 1 города Новороссийска"" МЗ КК","12a","Отклонено по МЭК (ОМС)","32","4 955,22"
"11021","ГБУЗ ""Городская поликлиника № 1 города Новороссийска"" МЗ КК","13a","Подлежит к оплате после МЭК (ОМС)","5 989","1 912 336,97"
"11022","ГБУЗ ""Городская поликлиника №2 города Новороссийска"" МЗ КК","11a","Представлено к оплате (ОМС)","4 568","832 180,91"
"11022","ГБУЗ ""Городская поликлиника №2 города Новороссийска"" МЗ КК","12a","Отклонено по МЭК (ОМС)","22","3 333,00"
"11022","ГБУЗ ""Городская поликлиника №2 города Новороссийска"" МЗ КК","13a","Подлежит к оплате после МЭК (ОМС)","4 546","828 847,91"
"11029","ГБУЗ ""Детская городская больница города Новороссийска"" МЗ КК","11a","Представлено к оплате (ОМС)","427","8 072 395,43"
"11029","ГБУЗ ""Детская городская больница города Новороссийска"" МЗ КК","12a","Отклонено по МЭК (ОМС)","3","41 730,47"
"11029","ГБУЗ ""Детская городская больница города Новороссийска"" МЗ КК","13a","Подлежит к оплате после МЭК (ОМС)","424","8 030 664,96"
"11031","ГБУЗ ""Городская больница № 1 города Новороссийска"" МЗ КК","11a","Представлено к оплате (ОМС)","4 377","45 658 519,99"
"11031","ГБУЗ ""Городская больница № 1 города Новороссийска"" МЗ КК","12a","Отклонено по МЭК (ОМС)","3","1 255,90"
"11031","ГБУЗ ""Городская больница № 1 города Новороссийска"" МЗ КК","13a","Подлежит к оплате после МЭК (ОМС)","4 374","45 657 264,09"
"11039","ГБУЗ ""Инфекционная больница № 3"" МЗ КК","11a","Представлено к оплате (ОМС)","773","10 273 603,56"
"11039","ГБУЗ ""Инфекционная больница № 3"" МЗ КК","13a","Подлежит к оплате после МЭК (ОМС)","773","10 273 603,56"
"11040","частное учреждение здравоохранения ""Больница ""РЖД-Медицина"" города Новороссийск""","11a","Представлено к оплате (ОМС)","1 052","1 857 906,65"
"11040","частное учреждение здравоохранения ""Больница ""РЖД-Медицина"" города Новороссийск""","12a","Отклонено по МЭК (ОМС)","3","1 566,65"
"11040","частное учреждение здравоохранения ""Больница ""РЖД-Медицина"" города Новороссийск""","13a","Подлежит к оплате после МЭК (ОМС)","1 049","1 856 340,00"
"11041","ГБУЗ ""Городская больница  № 2 города Новороссийска"" МЗ КК","11a","Представлено к оплате (ОМС)","1 920","2 352 235,52"
"11041","ГБУЗ ""Городская больница  № 2 города Новороссийска"" МЗ КК","12a","Отклонено по МЭК (ОМС)","16","5 012,05"
"11041","ГБУЗ ""Городская больница  № 2 города Новороссийска"" МЗ КК","13a","Подлежит к оплате после МЭК (ОМС)","1 904","2 347 223,47"
"11507","ГАУЗ ""Перинатальный центр города Новороссийска"" МЗ КК","11a","Представлено к оплате (ОМС)","4 291","18 508 737,92"
"11507","ГАУЗ ""Перинатальный центр города Новороссийска"" МЗ КК","12a","Отклонено по МЭК (ОМС)","7","3 769,57"
"11507","ГАУЗ ""Перинатальный центр города Новороссийска"" МЗ КК","13a","Подлежит к оплате после МЭК (ОМС)","4 284","18 504 968,35"
"11509","ГАУЗ ""Клинико-диагностический центр города Новороссийска"" МЗ КК","11a","Представлено к оплате (ОМС)","4 109","3 423 313,63"
"11509","ГАУЗ ""Клинико-диагностический центр города Новороссийска"" МЗ КК","12a","Отклонено по МЭК (ОМС)","8","18 233,24"
"11509","ГАУЗ ""Клинико-диагностический центр города Новороссийска"" МЗ КК","13a","Подлежит к оплате после МЭК (ОМС)","4 101","3 405 080,39"
"11525","ГБУЗ ""Станция скорой медицинской помощи города Новороссийска"" МЗ КК","11a","Представлено к оплате (ОМС)","8 171","0,00"
"11525","ГБУЗ ""Станция скорой медицинской помощи города Новороссийска"" МЗ КК","12a","Отклонено по МЭК (ОМС)","7","0,00"
"11525","ГБУЗ ""Станция скорой медицинской помощи города Новороссийска"" МЗ КК","13a","Подлежит к оплате после МЭК (ОМС)","8 164","0,00"
"11527","Федеральное государственное бюджетное учреждение здравоохранения ""Новороссийский клинический центр Федерального медико-биологического агентства""","11a","Представлено к оплате (ОМС)","3 983","11 224 841,63"
"11527","Федеральное государственное бюджетное учреждение здравоохранения ""Новороссийский клинический центр Федерального медико-биологического агентства""","13a","Подлежит к оплате после МЭК (ОМС)","3 983","11 224 841,63"
"12003","ГБУЗ ""СЛАВЯНСКАЯ ЦЕНТРАЛЬНАЯ РАЙОННАЯ БОЛЬНИЦА"" МЗ КК","11a","Представлено к оплате (ОМС)","48 171","39 569 240,34"
"12003","ГБУЗ ""СЛАВЯНСКАЯ ЦЕНТРАЛЬНАЯ РАЙОННАЯ БОЛЬНИЦА"" МЗ КК","12a","Отклонено по МЭК (ОМС)","15","2 989,44"
"12003","ГБУЗ ""СЛАВЯНСКАЯ ЦЕНТРАЛЬНАЯ РАЙОННАЯ БОЛЬНИЦА"" МЗ КК","13a","Подлежит к оплате после МЭК (ОМС)","48 156","39 566 250,90"
"12057","ГАУЗ ""Славянская стоматологическая поликлиника"" МЗ КК","11a","Представлено к оплате (ОМС)","2 527","1 967 657,28"
"12057","ГАУЗ ""Славянская стоматологическая поликлиника"" МЗ КК","12a","Отклонено по МЭК (ОМС)","2","4 784,64"
"12057","ГАУЗ ""Славянская стоматологическая поликлиника"" МЗ КК","13a","Подлежит к оплате после МЭК (ОМС)","2 525","1 962 872,64"
"13001","ГБУЗ ""Инфекционная больница №2"" МЗ КК г.Сочи","11a","Представлено к оплате (ОМС)","832","19 467 064,88"
"13001","ГБУЗ ""Инфекционная больница №2"" МЗ КК г.Сочи","13a","Подлежит к оплате после МЭК (ОМС)","832","19 467 064,88"
"13003","ГБУЗ ""Городская больница №4 г.Сочи"" МЗ КК","11a","Представлено к оплате (ОМС)","9 688","62 966 682,74"
"13003","ГБУЗ ""Городская больница №4 г.Сочи"" МЗ КК","12a","Отклонено по МЭК (ОМС)","13","86 941,70"
"13003","ГБУЗ ""Городская больница №4 г.Сочи"" МЗ КК","13a","Подлежит к оплате после МЭК (ОМС)","9 675","62 879 741,04"
"13005","ГБУЗ ""Онкологический диспансер  №2"" МЗ КК г.Сочи","11a","Представлено к оплате (ОМС)","4 431","27 335 802,93"
"13005","ГБУЗ ""Онкологический диспансер  №2"" МЗ КК г.Сочи","13a","Подлежит к оплате после МЭК (ОМС)","4 431","27 335 802,93"
"13008","ГБУЗ  ""Городская больница № 1 г.Сочи"" МЗ КК","11a","Представлено к оплате (ОМС)","11 935","12 869 758,36"
"13008","ГБУЗ  ""Городская больница № 1 г.Сочи"" МЗ КК","12a","Отклонено по МЭК (ОМС)","108","23 855,84"
"13008","ГБУЗ  ""Городская больница № 1 г.Сочи"" МЗ КК","13a","Подлежит к оплате после МЭК (ОМС)","11 827","12 845 902,52"
"13010","ГБУЗ ""Стоматологическая поликлиника №4 г. Сочи"" МЗ КК","11a","Представлено к оплате (ОМС)","1 636","1 404 513,15"
"13010","ГБУЗ ""Стоматологическая поликлиника №4 г. Сочи"" МЗ КК","12a","Отклонено по МЭК (ОМС)","3","2 933,25"
"13010","ГБУЗ ""Стоматологическая поликлиника №4 г. Сочи"" МЗ КК","13a","Подлежит к оплате после МЭК (ОМС)","1 633","1 401 579,90"
"13011","ГБУЗ  ""Городская больница №5 г. Сочи"" МЗ КК","11a","Представлено к оплате (ОМС)","230","2 887 228,48"
"13011","ГБУЗ  ""Городская больница №5 г. Сочи"" МЗ КК","13a","Подлежит к оплате после МЭК (ОМС)","230","2 887 228,48"
"13014","ГБУЗ ""Стоматологическая поликлиника №1 г. Сочи"" МЗ КК","11a","Представлено к оплате (ОМС)","2 810","5 627 862,87"
"13014","ГБУЗ ""Стоматологическая поликлиника №1 г. Сочи"" МЗ КК","12a","Отклонено по МЭК (ОМС)","6","11 691,33"
"13014","ГБУЗ ""Стоматологическая поликлиника №1 г. Сочи"" МЗ КК","13a","Подлежит к оплате после МЭК (ОМС)","2 804","5 616 171,54"
"13016","ГБУЗ  ""Городская больница №3 г. Сочи"" МЗ КК","11a","Представлено к оплате (ОМС)","5 059","8 972 929,64"
"13016","ГБУЗ  ""Городская больница №3 г. Сочи"" МЗ КК","12a","Отклонено по МЭК (ОМС)","48","2 711,17"
"13016","ГБУЗ  ""Городская больница №3 г. Сочи"" МЗ КК","13a","Подлежит к оплате после МЭК (ОМС)","5 011","8 970 218,47"
"13017","ГБУЗ  ""Городская поликлиника №3 г. Сочи"" МЗ КК","11a","Представлено к оплате (ОМС)","5 863","2 326 045,84"
"13017","ГБУЗ  ""Городская поликлиника №3 г. Сочи"" МЗ КК","12a","Отклонено по МЭК (ОМС)","24","3 048,08"
"13017","ГБУЗ  ""Городская поликлиника №3 г. Сочи"" МЗ КК","13a","Подлежит к оплате после МЭК (ОМС)","5 839","2 322 997,76"
"13021","ГБУЗ ""Городская больница N 8 г. Сочи"" МЗ КК","11a","Представлено к оплате (ОМС)","1 712","8 386 534,59"
"13021","ГБУЗ ""Городская больница N 8 г. Сочи"" МЗ КК","12a","Отклонено по МЭК (ОМС)","14","41 655,97"
"13021","ГБУЗ ""Городская больница N 8 г. Сочи"" МЗ КК","13a","Подлежит к оплате после МЭК (ОМС)","1 698","8 344 878,62"
"13033","ГБУЗ  ""Стоматологическая поликлиника № 3 г. Сочи"" МЗ КК","11a","Представлено к оплате (ОМС)","336","829 564,25"
"13033","ГБУЗ  ""Стоматологическая поликлиника № 3 г. Сочи"" МЗ КК","12a","Отклонено по МЭК (ОМС)","6","19 297,96"
"13033","ГБУЗ  ""Стоматологическая поликлиника № 3 г. Сочи"" МЗ КК","13a","Подлежит к оплате после МЭК (ОМС)","330","810 266,29"
"13034","ГБУЗ  ""Городская поликлиника №1 г. Сочи"" МЗ КК","11a","Представлено к оплате (ОМС)","32 212","7 688 660,93"
"13034","ГБУЗ  ""Городская поликлиника №1 г. Сочи"" МЗ КК","12a","Отклонено по МЭК (ОМС)","933","44 813,52"
"13034","ГБУЗ  ""Городская поликлиника №1 г. Сочи"" МЗ КК","13a","Подлежит к оплате после МЭК (ОМС)","31 279","7 643 847,41"
"13037","ГБУЗ  ""Стоматологическая поликлиника №2 г. Сочи"" МЗ КК","11a","Представлено к оплате (ОМС)","3 503","2 611 141,83"
"13037","ГБУЗ  ""Стоматологическая поликлиника №2 г. Сочи"" МЗ КК","13a","Подлежит к оплате после МЭК (ОМС)","3 503","2 611 141,83"
"13039","ГБУЗ  ""Городская поликлиника №2 г. Сочи"" МЗ КК","11a","Представлено к оплате (ОМС)","16 680","3 960 289,80"
"13039","ГБУЗ  ""Городская поликлиника №2 г. Сочи"" МЗ КК","12a","Отклонено по МЭК (ОМС)","92","12 248,46"
"13039","ГБУЗ  ""Городская поликлиника №2 г. Сочи"" МЗ КК","13a","Подлежит к оплате после МЭК (ОМС)","16 588","3 948 041,34"
"13041","ГБУЗ ""Участковая больница №3 г. Сочи"" МЗ КК","11a","Представлено к оплате (ОМС)","849","407 792,74"
"13041","ГБУЗ ""Участковая больница №3 г. Сочи"" МЗ КК","12a","Отклонено по МЭК (ОМС)","7","0,00"
"13041","ГБУЗ ""Участковая больница №3 г. Сочи"" МЗ КК","13a","Подлежит к оплате после МЭК (ОМС)","842","407 792,74"
"13047","ГБУЗ ""Кожно-венерологический диспансер № 2"" МЗ КК г.Сочи","11a","Представлено к оплате (ОМС)","3 219","3 177 123,33"
"13047","ГБУЗ ""Кожно-венерологический диспансер № 2"" МЗ КК г.Сочи","12a","Отклонено по МЭК (ОМС)","4","2 676,58"
"13047","ГБУЗ ""Кожно-венерологический диспансер № 2"" МЗ КК г.Сочи","13a","Подлежит к оплате после МЭК (ОМС)","3 215","3 174 446,75"
"13514","ГБУЗ  ""Центр общественного здоровья и медицинской профилактики г.Сочи"" МЗ КК","11a","Представлено к оплате (ОМС)","956","1 038 363,68"
"13514","ГБУЗ  ""Центр общественного здоровья и медицинской профилактики г.Сочи"" МЗ КК","13a","Подлежит к оплате после МЭК (ОМС)","956","1 038 363,68"
"13516","ГБУЗ ""ЦОМиД г.Сочи"" МЗ КК","11a","Представлено к оплате (ОМС)","37 452","69 067 549,28"
"13516","ГБУЗ ""ЦОМиД г.Сочи"" МЗ КК","12a","Отклонено по МЭК (ОМС)","102","56 299,32"
"13516","ГБУЗ ""ЦОМиД г.Сочи"" МЗ КК","13a","Подлежит к оплате после МЭК (ОМС)","37 350","69 011 249,96"
"13524","ЧУЗ ""РЖД-Медицина"" г.Сочи""","11a","Представлено к оплате (ОМС)","61","61 687,77"
"13524","ЧУЗ ""РЖД-Медицина"" г.Сочи""","13a","Подлежит к оплате после МЭК (ОМС)","61","61 687,77"
"13571","ГБУЗ  ""Станция скорой медицинской помощи г. Сочи"" МЗ КК","11a","Представлено к оплате (ОМС)","13 635","0,00"
"13571","ГБУЗ  ""Станция скорой медицинской помощи г. Сочи"" МЗ КК","12a","Отклонено по МЭК (ОМС)","29","0,00"
"13571","ГБУЗ  ""Станция скорой медицинской помощи г. Сочи"" МЗ КК","13a","Подлежит к оплате после МЭК (ОМС)","13 606","0,00"
"13572","ГБУЗ ""Городская поликлиника №4 г.Сочи"" МЗ КК","11a","Представлено к оплате (ОМС)","14 263","2 286 280,97"
"13572","ГБУЗ ""Городская поликлиника №4 г.Сочи"" МЗ КК","12a","Отклонено по МЭК (ОМС)","62","3 175,41"
"13572","ГБУЗ ""Городская поликлиника №4 г.Сочи"" МЗ КК","13a","Подлежит к оплате после МЭК (ОМС)","14 201","2 283 105,56"
"13587","ГБУЗ ""Краевая больница №4"" МЗ КК г.Сочи","11a","Представлено к оплате (ОМС)","37 681","23 247 625,34"
"13587","ГБУЗ ""Краевая больница №4"" МЗ КК г.Сочи","12a","Отклонено по МЭК (ОМС)","36","53 642,53"
"13587","ГБУЗ ""Краевая больница №4"" МЗ КК г.Сочи","13a","Подлежит к оплате после МЭК (ОМС)","37 645","23 193 982,81"
"14002","НУЗ ""Узловая поликлиника на станции Тихорецкая открытого акционерного общества ""Российские железные дороги""","11a","Представлено к оплате (ОМС)","2 026","1 043 269,73"
"14002","НУЗ ""Узловая поликлиника на станции Тихорецкая открытого акционерного общества ""Российские железные дороги""","13a","Подлежит к оплате после МЭК (ОМС)","2 026","1 043 269,73"
"14028","ГБУЗ ""Тихорецкая центральная районная больница"" МЗ КК","11a","Представлено к оплате (ОМС)","39 854","37 663 052,12"
"14028","ГБУЗ ""Тихорецкая центральная районная больница"" МЗ КК","12a","Отклонено по МЭК (ОМС)","89","41 956,52"
"14028","ГБУЗ ""Тихорецкая центральная районная больница"" МЗ КК","13a","Подлежит к оплате после МЭК (ОМС)","39 765","37 621 095,60"
"15001","ГБУЗ  ""Туапсинская центральная районная больница № 1""  МЗ КК","11a","Представлено к оплате (ОМС)","34 965","26 745 808,86"
"15001","ГБУЗ  ""Туапсинская центральная районная больница № 1""  МЗ КК","12a","Отклонено по МЭК (ОМС)","414","29 073,25"
"15001","ГБУЗ  ""Туапсинская центральная районная больница № 1""  МЗ КК","13a","Подлежит к оплате после МЭК (ОМС)","34 551","26 716 735,61"
"15005","ГБУЗ ""Туапсинская центральная районная больница № 2"" МЗ КК","11a","Представлено к оплате (ОМС)","12 053","7 149 412,17"
"15005","ГБУЗ ""Туапсинская центральная районная больница № 2"" МЗ КК","12a","Отклонено по МЭК (ОМС)","18","5 368,67"
"15005","ГБУЗ ""Туапсинская центральная районная больница № 2"" МЗ КК","13a","Подлежит к оплате после МЭК (ОМС)","12 035","7 144 043,50"
"15007","ГБУЗ ""Туапсинская центральная районная больница № 4"" МЗ КК","11a","Представлено к оплате (ОМС)","3 372","2 999 567,18"
"15007","ГБУЗ ""Туапсинская центральная районная больница № 4"" МЗ КК","12a","Отклонено по МЭК (ОМС)","16","6 006,38"
"15007","ГБУЗ ""Туапсинская центральная районная больница № 4"" МЗ КК","13a","Подлежит к оплате после МЭК (ОМС)","3 356","2 993 560,80"
"15034","НУЗ ""Узловая поликлиника на станции Туапсе открытого акционерного общества ""Российские железные дороги""","11a","Представлено к оплате (ОМС)","226","202 660,48"
"15034","НУЗ ""Узловая поликлиника на станции Туапсе открытого акционерного общества ""Российские железные дороги""","13a","Подлежит к оплате после МЭК (ОМС)","226","202 660,48"
"15563","ГБУЗ  ""Станция скорой медицинской помощи Туапсинского района"" МЗ КК","11a","Представлено к оплате (ОМС)","4 259","0,00"
"15563","ГБУЗ  ""Станция скорой медицинской помощи Туапсинского района"" МЗ КК","12a","Отклонено по МЭК (ОМС)","599","0,00"
"15563","ГБУЗ  ""Станция скорой медицинской помощи Туапсинского района"" МЗ КК","13a","Подлежит к оплате после МЭК (ОМС)","3 660","0,00"
"15572","ГБУЗ ""Туапсинская районная больница №3"" МЗ КК","11a","Представлено к оплате (ОМС)","2 267","15 020 685,94"
"15572","ГБУЗ ""Туапсинская районная больница №3"" МЗ КК","12a","Отклонено по МЭК (ОМС)","1","1 790,41"
"15572","ГБУЗ ""Туапсинская районная больница №3"" МЗ КК","13a","Подлежит к оплате после МЭК (ОМС)","2 266","15 018 895,53"
"15574","ГБУЗ ""ТСП"" МЗ КК","11a","Представлено к оплате (ОМС)","2 259","2 896 510,91"
"15574","ГБУЗ ""ТСП"" МЗ КК","12a","Отклонено по МЭК (ОМС)","2","2 779,59"
"15574","ГБУЗ ""ТСП"" МЗ КК","13a","Подлежит к оплате после МЭК (ОМС)","2 257","2 893 731,32"
"16005","ГБУЗ ""Абинская центральная районная больница"" МЗ КК","11a","Представлено к оплате (ОМС)","30 777","21 522 576,00"
"16005","ГБУЗ ""Абинская центральная районная больница"" МЗ КК","12a","Отклонено по МЭК (ОМС)","109","80 369,14"
"16005","ГБУЗ ""Абинская центральная районная больница"" МЗ КК","13a","Подлежит к оплате после МЭК (ОМС)","30 668","21 442 206,86"
"17020","ГБУЗ ""Центральная районная больница Апшеронского района"" МЗ КК","11a","Представлено к оплате (ОМС)","28 263","19 703 687,78"
"17020","ГБУЗ ""Центральная районная больница Апшеронского района"" МЗ КК","12a","Отклонено по МЭК (ОМС)","858","63 024,71"
"17020","ГБУЗ ""Центральная районная больница Апшеронского района"" МЗ КК","13a","Подлежит к оплате после МЭК (ОМС)","27 405","19 640 663,07"
"17022","ООО ""Апшеронская районная стоматологическая поликлиника""","11a","Представлено к оплате (ОМС)","1 244","1 433 204,92"
"17022","ООО ""Апшеронская районная стоматологическая поликлиника""","12a","Отклонено по МЭК (ОМС)","396","527 719,09"
"17022","ООО ""Апшеронская районная стоматологическая поликлиника""","13a","Подлежит к оплате после МЭК (ОМС)","848","905 485,83"
"17544","ГБУЗ ""Хадыженская стоматологическая поликлиника"" МЗ КК","11a","Представлено к оплате (ОМС)","831","700 904,30"
"17544","ГБУЗ ""Хадыженская стоматологическая поликлиника"" МЗ КК","13a","Подлежит к оплате после МЭК (ОМС)","831","700 904,30"
"18001","ГБУЗ ""Белоглинская центральная районная больница"" МЗ КК","11a","Представлено к оплате (ОМС)","10 357","6 136 573,07"
"18001","ГБУЗ ""Белоглинская центральная районная больница"" МЗ КК","12a","Отклонено по МЭК (ОМС)","29","0,00"
"18001","ГБУЗ ""Белоглинская центральная районная больница"" МЗ КК","13a","Подлежит к оплате после МЭК (ОМС)","10 328","6 136 573,07"
"18005","ГБУЗ  ""Белоглинская стоматологическая поликлиника"" МЗ КК","11a","Представлено к оплате (ОМС)","1 019","855 647,67"
"18005","ГБУЗ  ""Белоглинская стоматологическая поликлиника"" МЗ КК","12a","Отклонено по МЭК (ОМС)","1","468,39"
"18005","ГБУЗ  ""Белоглинская стоматологическая поликлиника"" МЗ КК","13a","Подлежит к оплате после МЭК (ОМС)","1 018","855 179,28"
"19032","ГБУЗ "" Брюховецкая центральная районная больница"" Министерства здравоохранения Краснодарского края","11a","Представлено к оплате (ОМС)","19 775","11 000 567,46"
"19032","ГБУЗ "" Брюховецкая центральная районная больница"" Министерства здравоохранения Краснодарского края","12a","Отклонено по МЭК (ОМС)","3 129","66 706,56"
"19032","ГБУЗ "" Брюховецкая центральная районная больница"" Министерства здравоохранения Краснодарского края","13a","Подлежит к оплате после МЭК (ОМС)","16 646","10 933 860,90"
"20011","ГБУЗ ""Выселковская центральная районная больница имени заслуженного врача РФ В.Ф. Долгополова"" МЗ КК","11a","Представлено к оплате (ОМС)","34 229","31 331 531,67"
"20011","ГБУЗ ""Выселковская центральная районная больница имени заслуженного врача РФ В.Ф. Долгополова"" МЗ КК","12a","Отклонено по МЭК (ОМС)","52","190 720,02"
"20011","ГБУЗ ""Выселковская центральная районная больница имени заслуженного врача РФ В.Ф. Долгополова"" МЗ КК","13a","Подлежит к оплате после МЭК (ОМС)","34 177","31 140 811,65"
"20500","ООО ""Выселковская стоматологическая поликлиника""","11a","Представлено к оплате (ОМС)","1 257","3 286 733,53"
"20500","ООО ""Выселковская стоматологическая поликлиника""","12a","Отклонено по МЭК (ОМС)","4","10 980,02"
"20500","ООО ""Выселковская стоматологическая поликлиника""","13a","Подлежит к оплате после МЭК (ОМС)","1 253","3 275 753,51"
"21014","ГБУЗ Гулькевичская центральная районная больница МЗ КК","11a","Представлено к оплате (ОМС)","32 585","21 648 849,55"
"21014","ГБУЗ Гулькевичская центральная районная больница МЗ КК","12a","Отклонено по МЭК (ОМС)","254","44 956,41"
"21014","ГБУЗ Гулькевичская центральная районная больница МЗ КК","13a","Подлежит к оплате после МЭК (ОМС)","32 331","21 603 893,14"
"21049","ГАУЗ ""Гулькевичская стоматологическая поликлиника"" МЗ КК","11a","Представлено к оплате (ОМС)","2 917","2 055 757,21"
"21049","ГАУЗ ""Гулькевичская стоматологическая поликлиника"" МЗ КК","12a","Отклонено по МЭК (ОМС)","4","1 611,61"
"21049","ГАУЗ ""Гулькевичская стоматологическая поликлиника"" МЗ КК","13a","Подлежит к оплате после МЭК (ОМС)","2 913","2 054 145,60"
"22001","ГБУЗ ""Динская центральная районная больница""  министерства зравоохранения Краснодарского края","11a","Представлено к оплате (ОМС)","50 606","31 097 216,85"
"22001","ГБУЗ ""Динская центральная районная больница""  министерства зравоохранения Краснодарского края","12a","Отклонено по МЭК (ОМС)","1 592","94 307,14"
"22001","ГБУЗ ""Динская центральная районная больница""  министерства зравоохранения Краснодарского края","13a","Подлежит к оплате после МЭК (ОМС)","49 014","31 002 909,71"
"23001","ГБУЗ ""Кавказская центральная районная больница""  МЗ КК","11a","Представлено к оплате (ОМС)","22 526","13 335 226,38"
"23001","ГБУЗ ""Кавказская центральная районная больница""  МЗ КК","12a","Отклонено по МЭК (ОМС)","6","12 694,62"
"23001","ГБУЗ ""Кавказская центральная районная больница""  МЗ КК","13a","Подлежит к оплате после МЭК (ОМС)","22 520","13 322 531,76"
"23502","ГБУЗ ""Городская больница г.Кропоткина"" МЗ КК","11a","Представлено к оплате (ОМС)","32 719","23 589 280,63"
"23502","ГБУЗ ""Городская больница г.Кропоткина"" МЗ КК","12a","Отклонено по МЭК (ОМС)","7","25 708,57"
"23502","ГБУЗ ""Городская больница г.Кропоткина"" МЗ КК","13a","Подлежит к оплате после МЭК (ОМС)","32 712","23 563 572,06"
"23511","НУЗ ""Узловая поликлиника на станции Кавказская открытого акционерного общества ""Российские железные дороги""","11a","Представлено к оплате (ОМС)","3 377","1 446 594,74"
"23511","НУЗ ""Узловая поликлиника на станции Кавказская открытого акционерного общества ""Российские железные дороги""","13a","Подлежит к оплате после МЭК (ОМС)","3 377","1 446 594,74"
"23519","ГБУЗ ""Станция скорой медицинской помощи Кавказского района"" МЗ КК","11a","Представлено к оплате (ОМС)","4 275","0,00"
"23519","ГБУЗ ""Станция скорой медицинской помощи Кавказского района"" МЗ КК","12a","Отклонено по МЭК (ОМС)","1","0,00"
"23519","ГБУЗ ""Станция скорой медицинской помощи Кавказского района"" МЗ КК","13a","Подлежит к оплате после МЭК (ОМС)","4 274","0,00"
"24009","ГБУЗ ""Калининская центральная  районная больница"" Министерства здравоохранения Краснодарского края","11a","Представлено к оплате (ОМС)","18 635","11 873 652,07"
"24009","ГБУЗ ""Калининская центральная  районная больница"" Министерства здравоохранения Краснодарского края","12a","Отклонено по МЭК (ОМС)","57","4 060,02"
"24009","ГБУЗ ""Калининская центральная  районная больница"" Министерства здравоохранения Краснодарского края","13a","Подлежит к оплате после МЭК (ОМС)","18 578","11 869 592,05"
"25034","Государственное бюджетное учреждение здравоохранения""Каневская центральная районная больница"" министерства здравоохранения Краснодарского края","11a","Представлено к оплате (ОМС)","41 238","26 709 887,06"
"25034","Государственное бюджетное учреждение здравоохранения""Каневская центральная районная больница"" министерства здравоохранения Краснодарского края","12a","Отклонено по МЭК (ОМС)","205","13 950,35"
"25034","Государственное бюджетное учреждение здравоохранения""Каневская центральная районная больница"" министерства здравоохранения Краснодарского края","13a","Подлежит к оплате после МЭК (ОМС)","41 033","26 695 936,71"
"25035","ООО ""Каневская стоматологическая поликлиника ""","11a","Представлено к оплате (ОМС)","4 039","4 168 015,93"
"25035","ООО ""Каневская стоматологическая поликлиника ""","13a","Подлежит к оплате после МЭК (ОМС)","4 039","4 168 015,93"
"26001","ГБУЗ ""Кореновская центральная районная больница"" Министерства здравоохранения Краснодарского края","11a","Представлено к оплате (ОМС)","33 242","20 942 765,17"
"26001","ГБУЗ ""Кореновская центральная районная больница"" Министерства здравоохранения Краснодарского края","12a","Отклонено по МЭК (ОМС)","130","66 567,18"
"26001","ГБУЗ ""Кореновская центральная районная больница"" Министерства здравоохранения Краснодарского края","13a","Подлежит к оплате после МЭК (ОМС)","33 112","20 876 197,99"
"27035","ГБУЗ ""КРАСНОАРМЕЙСКАЯ ЦЕНТРАЛЬНАЯ РАЙОННАЯ БОЛЬНИЦА"" МЗ КК","11a","Представлено к оплате (ОМС)","46 425","24 789 111,48"
"27035","ГБУЗ ""КРАСНОАРМЕЙСКАЯ ЦЕНТРАЛЬНАЯ РАЙОННАЯ БОЛЬНИЦА"" МЗ КК","12a","Отклонено по МЭК (ОМС)","23","4 910,30"
"27035","ГБУЗ ""КРАСНОАРМЕЙСКАЯ ЦЕНТРАЛЬНАЯ РАЙОННАЯ БОЛЬНИЦА"" МЗ КК","13a","Подлежит к оплате после МЭК (ОМС)","46 402","24 784 201,18"
"28009","ГБУЗ ""Крыловская центральная районная больница"" МЗ КК","11a","Представлено к оплате (ОМС)","18 322","12 408 922,42"
"28009","ГБУЗ ""Крыловская центральная районная больница"" МЗ КК","12a","Отклонено по МЭК (ОМС)","809","121 453,63"
"28009","ГБУЗ ""Крыловская центральная районная больница"" МЗ КК","13a","Подлежит к оплате после МЭК (ОМС)","17 513","12 287 468,79"
"28500","ГБУЗ ""Крыловская стоматологическая поликлиника"" МЗ КК","11a","Представлено к оплате (ОМС)","186","242 727,98"
"28500","ГБУЗ ""Крыловская стоматологическая поликлиника"" МЗ КК","12a","Отклонено по МЭК (ОМС)","2","2 070,36"
"28500","ГБУЗ ""Крыловская стоматологическая поликлиника"" МЗ КК","13a","Подлежит к оплате после МЭК (ОМС)","184","240 657,62"
"29001","ГБУЗ ""Курганинская центральная районная больница"" МЗ КК","11a","Представлено к оплате (ОМС)","31 241","19 127 704,45"
"29001","ГБУЗ ""Курганинская центральная районная больница"" МЗ КК","12a","Отклонено по МЭК (ОМС)","250","32 139,15"
"29001","ГБУЗ ""Курганинская центральная районная больница"" МЗ КК","13a","Подлежит к оплате после МЭК (ОМС)","30 991","19 095 565,30"
"29004","ГАУЗ ""Курганинская районная стоматологическая поликлиника"" МЗ КК","11a","Представлено к оплате (ОМС)","1 946","2 538 416,36"
"29004","ГАУЗ ""Курганинская районная стоматологическая поликлиника"" МЗ КК","12a","Отклонено по МЭК (ОМС)","2","9 472,45"
"29004","ГАУЗ ""Курганинская районная стоматологическая поликлиника"" МЗ КК","13a","Подлежит к оплате после МЭК (ОМС)","1 944","2 528 943,91"
"30009","Государственное бюджетное учреждение здравоохранения ""Кущевская центральная районная больница"" министерства здравоохранения Краснодарского края","11a","Представлено к оплате (ОМС)","36 144","23 131 646,80"
"30009","Государственное бюджетное учреждение здравоохранения ""Кущевская центральная районная больница"" министерства здравоохранения Краснодарского края","12a","Отклонено по МЭК (ОМС)","1 158","63 271,24"
"30009","Государственное бюджетное учреждение здравоохранения ""Кущевская центральная районная больница"" министерства здравоохранения Краснодарского края","13a","Подлежит к оплате после МЭК (ОМС)","34 986","23 068 375,56"
"30011","Государственное автономное учреждение здравоохранения ""Кущевская стоматологическая поликлиника"" министерства здравоохранения Краснодарского края","11a","Представлено к оплате (ОМС)","2 020","1 771 290,77"
"30011","Государственное автономное учреждение здравоохранения ""Кущевская стоматологическая поликлиника"" министерства здравоохранения Краснодарского края","12a","Отклонено по МЭК (ОМС)","1","1 768,87"
"30011","Государственное автономное учреждение здравоохранения ""Кущевская стоматологическая поликлиника"" министерства здравоохранения Краснодарского края","13a","Подлежит к оплате после МЭК (ОМС)","2 019","1 769 521,90"
"31004","Государственное бюджетное учреждение здравоохранения ""Ленинградская центральная районная больница"" министерства здравоохраненния Краснодарского края","11a","Представлено к оплате (ОМС)","36 156","22 613 752,05"
"31004","Государственное бюджетное учреждение здравоохранения ""Ленинградская центральная районная больница"" министерства здравоохраненния Краснодарского края","12a","Отклонено по МЭК (ОМС)","1 010","82 538,66"
"31004","Государственное бюджетное учреждение здравоохранения ""Ленинградская центральная районная больница"" министерства здравоохраненния Краснодарского края","13a","Подлежит к оплате после МЭК (ОМС)","35 146","22 531 213,39"
"32007","ГБУЗ ""Мостовская центральная районная больница"" МЗ КК","11a","Представлено к оплате (ОМС)","38 244","19 065 333,47"
"32007","ГБУЗ ""Мостовская центральная районная больница"" МЗ КК","12a","Отклонено по МЭК (ОМС)","26","35 214,30"
"32007","ГБУЗ ""Мостовская центральная районная больница"" МЗ КК","13a","Подлежит к оплате после МЭК (ОМС)","38 218","19 030 119,17"
"33016","ГБУЗ ""Новокубанская центральная районная больница"" МЗ КК","11a","Представлено к оплате (ОМС)","36 915","21 363 397,06"
"33016","ГБУЗ ""Новокубанская центральная районная больница"" МЗ КК","12a","Отклонено по МЭК (ОМС)","42","53 063,88"
"33016","ГБУЗ ""Новокубанская центральная районная больница"" МЗ КК","13a","Подлежит к оплате после МЭК (ОМС)","36 873","21 310 333,18"
"33017","ГБУЗ ""Новокубанская стоматологическая поликлиника"" МЗ КК","11a","Представлено к оплате (ОМС)","2 131","1 975 530,83"
"33017","ГБУЗ ""Новокубанская стоматологическая поликлиника"" МЗ КК","12a","Отклонено по МЭК (ОМС)","2","936,31"
"33017","ГБУЗ ""Новокубанская стоматологическая поликлиника"" МЗ КК","13a","Подлежит к оплате после МЭК (ОМС)","2 129","1 974 594,52"
"34001","ГБУЗ ""Новопокровская центральная районная больница"" МЗ КК","11a","Представлено к оплате (ОМС)","23 123","12 686 228,18"
"34001","ГБУЗ ""Новопокровская центральная районная больница"" МЗ КК","12a","Отклонено по МЭК (ОМС)","191","137 179,91"
"34001","ГБУЗ ""Новопокровская центральная районная больница"" МЗ КК","13a","Подлежит к оплате после МЭК (ОМС)","22 932","12 549 048,27"
"35008","ГБУЗ ""Отрадненская центральная районная больница"" МЗ КК","11a","Представлено к оплате (ОМС)","19 204","16 838 163,70"
"35008","ГБУЗ ""Отрадненская центральная районная больница"" МЗ КК","12a","Отклонено по МЭК (ОМС)","26","14 668,20"
"35008","ГБУЗ ""Отрадненская центральная районная больница"" МЗ КК","13a","Подлежит к оплате после МЭК (ОМС)","19 178","16 823 495,50"
"36011","ГБУЗ Павловская  центральная районная больница","11a","Представлено к оплате (ОМС)","30 073","18 226 214,56"
"36011","ГБУЗ Павловская  центральная районная больница","12a","Отклонено по МЭК (ОМС)","17","7 895,80"
"36011","ГБУЗ Павловская  центральная районная больница","13a","Подлежит к оплате после МЭК (ОМС)","30 056","18 218 318,76"
"36018","ГБУЗ ""Павловская  стоматологическая поликлиника"" МЗ КК","11a","Представлено к оплате (ОМС)","2 729","1 445 346,24"
"36018","ГБУЗ ""Павловская  стоматологическая поликлиника"" МЗ КК","12a","Отклонено по МЭК (ОМС)","5","2 200,34"
"36018","ГБУЗ ""Павловская  стоматологическая поликлиника"" МЗ КК","13a","Подлежит к оплате после МЭК (ОМС)","2 724","1 443 145,90"
"37003","Муниципальное бюджетное учреждение здравоохранения Приморско-Ахтарского района ""Районная стоматологическая поликлиника","11a","Представлено к оплате (ОМС)","1 045","933 929,07"
"37003","Муниципальное бюджетное учреждение здравоохранения Приморско-Ахтарского района ""Районная стоматологическая поликлиника","12a","Отклонено по МЭК (ОМС)","1","699,01"
"37003","Муниципальное бюджетное учреждение здравоохранения Приморско-Ахтарского района ""Районная стоматологическая поликлиника","13a","Подлежит к оплате после МЭК (ОМС)","1 044","933 230,06"
"37019","ГБУЗ ""Приморско-Ахтарская центральная районная больница имени Кравченко Н.Г."" Министерства здравоохранения Краснодарского края","11a","Представлено к оплате (ОМС)","22 291","15 064 870,90"
"37019","ГБУЗ ""Приморско-Ахтарская центральная районная больница имени Кравченко Н.Г."" Министерства здравоохранения Краснодарского края","12a","Отклонено по МЭК (ОМС)","18","3 806,84"
"37019","ГБУЗ ""Приморско-Ахтарская центральная районная больница имени Кравченко Н.Г."" Министерства здравоохранения Краснодарского края","13a","Подлежит к оплате после МЭК (ОМС)","22 273","15 061 064,06"
"38006","ГБУЗ ""Северская центральная районная больница"" МЗ КК","11a","Представлено к оплате (ОМС)","49 507","22 805 334,54"
"38006","ГБУЗ ""Северская центральная районная больница"" МЗ КК","12a","Отклонено по МЭК (ОМС)","444","8 165,11"
"38006","ГБУЗ ""Северская центральная районная больница"" МЗ КК","13a","Подлежит к оплате после МЭК (ОМС)","49 063","22 797 169,43"
"38015","ГБУЗ ""Северская районная стоматологическая поликлиника"" МЗ КК","11a","Представлено к оплате (ОМС)","2 271","1 981 259,45"
"38015","ГБУЗ ""Северская районная стоматологическая поликлиника"" МЗ КК","12a","Отклонено по МЭК (ОМС)","3","1 235,17"
"38015","ГБУЗ ""Северская районная стоматологическая поликлиника"" МЗ КК","13a","Подлежит к оплате после МЭК (ОМС)","2 268","1 980 024,28"
"39010","Государственное бюджетное учреждение здравоохранения""Староминская центральная районная больница "" министерства здравоохранения Краснодарского края","11a","Представлено к оплате (ОМС)","20 365","11 441 761,05"
"39010","Государственное бюджетное учреждение здравоохранения""Староминская центральная районная больница "" министерства здравоохранения Краснодарского края","12a","Отклонено по МЭК (ОМС)","589","25 180,83"
"39010","Государственное бюджетное учреждение здравоохранения""Староминская центральная районная больница "" министерства здравоохранения Краснодарского края","13a","Подлежит к оплате после МЭК (ОМС)","19 776","11 416 580,22"
"40005","ГБУЗ ""Тбилисская центральная районная больница"" МЗ КК","11a","Представлено к оплате (ОМС)","25 113","14 068 628,53"
"40005","ГБУЗ ""Тбилисская центральная районная больница"" МЗ КК","12a","Отклонено по МЭК (ОМС)","30","23 699,47"
"40005","ГБУЗ ""Тбилисская центральная районная больница"" МЗ КК","13a","Подлежит к оплате после МЭК (ОМС)","25 083","14 044 929,06"
"41005","ГБУЗ ""Темрюкская центральная районная больница"" МЗ КК","11a","Представлено к оплате (ОМС)","36 587","21 167 538,92"
"41005","ГБУЗ ""Темрюкская центральная районная больница"" МЗ КК","12a","Отклонено по МЭК (ОМС)","180","52 041,53"
"41005","ГБУЗ ""Темрюкская центральная районная больница"" МЗ КК","13a","Подлежит к оплате после МЭК (ОМС)","36 407","21 115 497,39"
"42003","ГБУЗ ""Тимашевская центральная районная больница” Министерства здравоохранения Краснодарского края","11a","Представлено к оплате (ОМС)","49 086","30 275 169,26"
"42003","ГБУЗ ""Тимашевская центральная районная больница” Министерства здравоохранения Краснодарского края","12a","Отклонено по МЭК (ОМС)","14","1 715,06"
"42003","ГБУЗ ""Тимашевская центральная районная больница” Министерства здравоохранения Краснодарского края","13a","Подлежит к оплате после МЭК (ОМС)","49 072","30 273 454,20"
"42515","ЧУЗ ""РЖД-Медицина"" г.Тимашевск""","11a","Представлено к оплате (ОМС)","1 044","1 082 216,17"
"42515","ЧУЗ ""РЖД-Медицина"" г.Тимашевск""","12a","Отклонено по МЭК (ОМС)","9","0,00"
"42515","ЧУЗ ""РЖД-Медицина"" г.Тимашевск""","13a","Подлежит к оплате после МЭК (ОМС)","1 035","1 082 216,17"
"45003","ГБУЗ ""Усть-Лабинская стоматологическая поликлиника"" МЗ КК","11a","Представлено к оплате (ОМС)","2 303","1 962 530,98"
"45003","ГБУЗ ""Усть-Лабинская стоматологическая поликлиника"" МЗ КК","12a","Отклонено по МЭК (ОМС)","14","13 926,39"
"45003","ГБУЗ ""Усть-Лабинская стоматологическая поликлиника"" МЗ КК","13a","Подлежит к оплате после МЭК (ОМС)","2 289","1 948 604,59"
"45014","ГБУЗ ""Усть-Лабинская центральная районная больница"" МЗ КК","11a","Представлено к оплате (ОМС)","40 983","22 214 888,06"
"45014","ГБУЗ ""Усть-Лабинская центральная районная больница"" МЗ КК","12a","Отклонено по МЭК (ОМС)","46","75 057,64"
"45014","ГБУЗ ""Усть-Лабинская центральная районная больница"" МЗ КК","13a","Подлежит к оплате после МЭК (ОМС)","40 937","22 139 830,42"
"46010","ГБУЗ ""Успенская центральная районная больница"" МЗ КК","11a","Представлено к оплате (ОМС)","16 750","10 881 348,09"
"46010","ГБУЗ ""Успенская центральная районная больница"" МЗ КК","12a","Отклонено по МЭК (ОМС)","49","23 710,68"
"46010","ГБУЗ ""Успенская центральная районная больница"" МЗ КК","13a","Подлежит к оплате после МЭК (ОМС)","16 701","10 857 637,41"
"47003","Государственное бюджетное учреждение здравоохранения ""Щербиновская центральная районная больница"" министерства здравоохранения Краснодарского края","11a","Представлено к оплате (ОМС)","15 628","10 952 145,77"
"47003","Государственное бюджетное учреждение здравоохранения ""Щербиновская центральная районная больница"" министерства здравоохранения Краснодарского края","12a","Отклонено по МЭК (ОМС)","194","54 204,56"
"47003","Государственное бюджетное учреждение здравоохранения ""Щербиновская центральная районная больница"" министерства здравоохранения Краснодарского края","13a","Подлежит к оплате после МЭК (ОМС)","15 434","10 897 941,21"